UID	Audio_path	SpeechCorpus	SNR (dB)	fs (Hz)	Text
[URGENT24]fileid_1	./configs/resources/wavs_stereo/test_nonblind/noisy/fileid_1.flac	vctk	19.245	48000	She can scoop these things into three red bags, and we will go meet her Wednesday at the train station.
[URGENT24]fileid_2	./configs/resources/wavs_stereo/test_nonblind/noisy/fileid_2.flac	cv11	13.181	24000	Graduated from postgraduate and doctoral studies.
[URGENT24]fileid_3	./configs/resources/wavs_stereo/test_nonblind/noisy/fileid_3.flac	cv11	7.358	24000	This festival is organized by the Ministry of Culture and Islamic Guidance of Iran.
[URGENT24]fileid_4	./configs/resources/wavs_stereo/test_nonblind/noisy/fileid_4.flac	cv11	7.931	24000	As he was attempting to pull out the rocks he encountered, he heard footsteps.
[URGENT24]fileid_5	./configs/resources/wavs_stereo/test_nonblind/noisy/fileid_5.flac	cv11	14.441	24000	Normally these contacts are not used in motor circuits.
[URGENT24]fileid_6	./configs/resources/wavs_stereo/test_nonblind/noisy/fileid_6.flac	cv11	2.775	24000	It earned the fifth position in the general medal table.
[URGENT24]fileid_7	./configs/resources/wavs_stereo/test_nonblind/noisy/fileid_7.flac	cv11	-1.200	24000	Lyrics by writer unless otherwise specified.
[URGENT24]fileid_8	./configs/resources/wavs_stereo/test_nonblind/noisy/fileid_8.flac	cv11	0.546	24000	It would be very useful if my web browser could synchronize all of its preferences, not just some.
[URGENT24]fileid_9	./configs/resources/wavs_stereo/test_nonblind/noisy/fileid_9.flac	cv11	11.015	24000	He first attracted significant attention in "Sweet Lavender" by Arthur Wing Pinero.
[URGENT24]fileid_10	./configs/resources/wavs_stereo/test_nonblind/noisy/fileid_10.flac	cv11	15.406	24000	He swam alongside Mexican Miguel Gonzales Lopes and Spaniard Rodolfo Rodriguez.
[URGENT24]fileid_11	./configs/resources/wavs_stereo/test_nonblind/noisy/fileid_11.flac	cv11	3.151	24000	The land was awarded to the team during Karim Malahi's time as club chairman.
[URGENT24]fileid_12	./configs/resources/wavs_stereo/test_nonblind/noisy/fileid_12.flac	cv11	12.916	24000	Serving during the American Civil War, Berry was a strong supporter of the Union.
[URGENT24]fileid_13	./configs/resources/wavs_stereo/test_nonblind/noisy/fileid_13.flac	cv11	12.046	24000	We see him wooing two ladies while goons are chasing after him.
[URGENT24]fileid_14	./configs/resources/wavs_stereo/test_nonblind/noisy/fileid_14.flac	cv11	0.835	24000	According to the Constitutive Treaty, the Union's headquarters will be located in Quito, Ecuador.
[URGENT24]fileid_15	./configs/resources/wavs_stereo/test_nonblind/noisy/fileid_15.flac	cv11	-0.403	24000	Senator Bruno lives in Brunswick in Rensselaer County, New York.
[URGENT24]fileid_16	./configs/resources/wavs_stereo/test_nonblind/noisy/fileid_16.flac	cv11	-3.565	24000	The white wings show a black rear border in flight.
[URGENT24]fileid_17	./configs/resources/wavs_stereo/test_nonblind/noisy/fileid_17.flac	cv11	13.814	24000	The term is commonly used on social media platforms such as Twitter.
[URGENT24]fileid_18	./configs/resources/wavs_stereo/test_nonblind/noisy/fileid_18.flac	cv11	18.478	24000	The Plochingen train station has six tracks in the halls.
[URGENT24]fileid_19	./configs/resources/wavs_stereo/test_nonblind/noisy/fileid_19.flac	cv11	-2.229	24000	Ritchie came from a long-prominent family in Nova Scotia.
[URGENT24]fileid_20	./configs/resources/wavs_stereo/test_nonblind/noisy/fileid_20.flac	cv11	3.332	24000	My calendar was full that month.
[URGENT24]fileid_21	./configs/resources/wavs_stereo/test_nonblind/noisy/fileid_21.flac	cv11	3.194	24000	The Kerslakes owned much of the surrounding land as well as the manor house.
[URGENT24]fileid_22	./configs/resources/wavs_stereo/test_nonblind/noisy/fileid_22.flac	cv11	4.544	24000	He suffered from dyslexia throughout his life.
[URGENT24]fileid_23	./configs/resources/wavs_stereo/test_nonblind/noisy/fileid_23.flac	cv11	17.319	24000	It is a type of Call Center.
[URGENT24]fileid_24	./configs/resources/wavs_stereo/test_nonblind/noisy/fileid_24.flac	libritts	-4.075	24000	"But it is not with a view to distinction that you should cultivate this talent, if you consult your own happiness.
[URGENT24]fileid_25	./configs/resources/wavs_stereo/test_nonblind/noisy/fileid_25.flac	libritts	-4.332	24000	I then had a standard made to hold another oil cup, so as to see and regulate the drop feed.
[URGENT24]fileid_26	./configs/resources/wavs_stereo/test_nonblind/noisy/fileid_26.flac	libritts	1.927	24000	The Sunbury generating plant consisted of an Armington and Sims engine driving two small Edison dynamos having a total capacity of about four hundred lamps of sixteen c.p.
[URGENT24]fileid_27	./configs/resources/wavs_stereo/test_nonblind/noisy/fileid_27.flac	libritts	-0.845	24000	Look yonder, do you not see the moon slowly rising, silvering the topmost branches of the chestnuts and the oaks.
[URGENT24]fileid_28	./configs/resources/wavs_stereo/test_nonblind/noisy/fileid_28.flac	libritts	5.619	24000	De Guiche, observing that she was alone, near a thicket constructed of painted cloth, approached her.
[URGENT24]fileid_29	./configs/resources/wavs_stereo/test_nonblind/noisy/fileid_29.flac	libritts	8.354	24000	Suddenly, for the purpose of restoring peace and order, Spring, accompanied by his whole court, made his appearance.
[URGENT24]fileid_30	./configs/resources/wavs_stereo/test_nonblind/noisy/fileid_30.flac	libritts	4.456	24000	The music, hautboys, flutes, and viols, was delightfully descriptive of rural delights.
[URGENT24]fileid_31	./configs/resources/wavs_stereo/test_nonblind/noisy/fileid_31.flac	libritts	-1.647	24000	He was dressed in a tunic of flowers, which set off his graceful and well formed figure to advantage.
[URGENT24]fileid_32	./configs/resources/wavs_stereo/test_nonblind/noisy/fileid_32.flac	libritts	0.549	24000	"Well, sire, the colored lamps, the fireworks, the musicians, and the cooks, have swallowed up four millions in eight days."
[URGENT24]fileid_33	./configs/resources/wavs_stereo/test_nonblind/noisy/fileid_33.flac	libritts	11.298	24000	He has given them with too much grace not to have others still to give, if they are required, which is the case at the present moment.
[URGENT24]fileid_34	./configs/resources/wavs_stereo/test_nonblind/noisy/fileid_34.flac	libritts	2.478	24000	"So little is that the case, sire, that if your majesty will look to the right, you will see that the comte is in waiting."
[URGENT24]fileid_35	./configs/resources/wavs_stereo/test_nonblind/noisy/fileid_35.flac	libritts	-0.667	24000	"I reserve your services for a better occasion; and believe me, they will only be the better appreciated."
[URGENT24]fileid_36	./configs/resources/wavs_stereo/test_nonblind/noisy/fileid_36.flac	libritts	12.435	24000	"Nothing whatever," replied the courtier, as pale as death; "but your majesty has not thought of Fruits."
[URGENT24]fileid_37	./configs/resources/wavs_stereo/test_nonblind/noisy/fileid_37.flac	libritts	14.090	24000	So that however wasteful a given expenditure may be in reality, it must at least have some colorable excuse in the way of an ostensible purpose.
[URGENT24]fileid_38	./configs/resources/wavs_stereo/test_nonblind/noisy/fileid_38.flac	libritts	-0.648	24000	As seen from the point of view of the individual consumer, the question of wastefulness does not arise within the scope of economic theory proper.
[URGENT24]fileid_39	./configs/resources/wavs_stereo/test_nonblind/noisy/fileid_39.flac	libritts	15.525	24000	But the middle class wife still carries on the business of vicarious leisure, for the good name of the household and its master.
[URGENT24]fileid_40	./configs/resources/wavs_stereo/test_nonblind/noisy/fileid_40.flac	libritts	-1.232	24000	The standard of decency is higher, class for class, and this requirement of decent appearance must be lived up to on pain of losing caste.
[URGENT24]fileid_41	./configs/resources/wavs_stereo/test_nonblind/noisy/fileid_41.flac	libritts	11.362	24000	There goes into these domestic duties much solicitude for a proper combination of form and color, and for other ends that are to be classed as aesthetic in the proper sense of the term; and it is not denied that effects having some substantial aesthetic value are sometimes attained.
[URGENT24]fileid_42	./configs/resources/wavs_stereo/test_nonblind/noisy/fileid_42.flac	libritts	16.974	24000	Through force of circumstances it has fallen into disuse.
[URGENT24]fileid_43	./configs/resources/wavs_stereo/test_nonblind/noisy/fileid_43.flac	libritts	13.796	24000	The last items of this category of consumption are not given up except under stress of the direst necessity.
[URGENT24]fileid_44	./configs/resources/wavs_stereo/test_nonblind/noisy/fileid_44.flac	libritts	0.401	24000	This is especially true during the later, peaceable economic stage.
[URGENT24]fileid_45	./configs/resources/wavs_stereo/test_nonblind/noisy/fileid_45.flac	libritts	2.205	24000	It is an adaption to a new end, by a selective process, of a distinction previously existing and well established in men's habits of thought.
[URGENT24]fileid_46	./configs/resources/wavs_stereo/test_nonblind/noisy/fileid_46.flac	libritts	19.033	24000	The wearing of uniforms or liveries implies a considerable degree of dependence, and may even be said to be a mark of servitude, real or ostensible.
[URGENT24]fileid_47	./configs/resources/wavs_stereo/test_nonblind/noisy/fileid_47.flac	libritts	13.397	24000	At the inception of plural marriage among the Latter day Saints, there was no law, national or state, against its practise.
[URGENT24]fileid_48	./configs/resources/wavs_stereo/test_nonblind/noisy/fileid_48.flac	libritts	5.145	24000	And the world is learning, to its manifest surprise, that plural marriage and "Mormonism" are not synonymous terms.
[URGENT24]fileid_49	./configs/resources/wavs_stereo/test_nonblind/noisy/fileid_49.flac	libritts	0.745	24000	Its creed provides for the protection of all men in their rights of worship according to the dictates of conscience.
[URGENT24]fileid_50	./configs/resources/wavs_stereo/test_nonblind/noisy/fileid_50.flac	libritts	3.465	24000	Was it the "Mormons?" Is it not notorious on the contrary that they were hunted like wild beasts from county to county before they made any resistance?
[URGENT24]fileid_51	./configs/resources/wavs_stereo/test_nonblind/noisy/fileid_51.flac	libritts	1.142	24000	She tried this morning an air or two upon the piano, sang a simple song in a sweet but slightly metallic voice, and then seating herself by the open window, read Philip's letter.
[URGENT24]fileid_52	./configs/resources/wavs_stereo/test_nonblind/noisy/fileid_52.flac	libritts	2.941	24000	Think of the stone shingles of the roof eight inches thick!
[URGENT24]fileid_53	./configs/resources/wavs_stereo/test_nonblind/noisy/fileid_53.flac	vctk	18.848	48000	The trial is funded solely by Edinburgh City Council.
[URGENT24]fileid_54	./configs/resources/wavs_stereo/test_nonblind/noisy/fileid_54.flac	libritts	15.650	24000	That evening ruth and her father sat late by the drawing room fire, as they were quite apt to do at night.
[URGENT24]fileid_55	./configs/resources/wavs_stereo/test_nonblind/noisy/fileid_55.flac	vctk	13.903	48000	Customers for the panels include the National Trust for Scotland.
[URGENT24]fileid_56	./configs/resources/wavs_stereo/test_nonblind/noisy/fileid_56.flac	libritts	19.963	24000	A slight frail girl like thee, study medicine! Does thee think thee could stand it six months?
[URGENT24]fileid_57	./configs/resources/wavs_stereo/test_nonblind/noisy/fileid_57.flac	libritts	11.038	24000	You can begin by carrying a rod, and putting down the figures.
[URGENT24]fileid_58	./configs/resources/wavs_stereo/test_nonblind/noisy/fileid_58.flac	libritts	-0.233	24000	His pen therefore, and whereas, and not as aforesaid, strayed off into other scribbling.
[URGENT24]fileid_59	./configs/resources/wavs_stereo/test_nonblind/noisy/fileid_59.flac	libritts	4.650	24000	"I think I should like it of all things," replied Philip, with some hesitation, "but what for."
[URGENT24]fileid_60	./configs/resources/wavs_stereo/test_nonblind/noisy/fileid_60.flac	libritts	-1.852	24000	He continued his pretended search and, to give color to his errand, made two arrests.
[URGENT24]fileid_61	./configs/resources/wavs_stereo/test_nonblind/noisy/fileid_61.flac	libritts	1.819	24000	With such a radical opposition of sentiment, both factions were on the alert to seize every available vantage ground.
[URGENT24]fileid_62	./configs/resources/wavs_stereo/test_nonblind/noisy/fileid_62.flac	libritts	12.768	24000	The people of Lawrence, without any great difficulty, obtained daily information concerning the hostile camps.
[URGENT24]fileid_63	./configs/resources/wavs_stereo/test_nonblind/noisy/fileid_63.flac	libritts	14.405	24000	There were similar murmurs in the pro slavery camps.
[URGENT24]fileid_64	./configs/resources/wavs_stereo/test_nonblind/noisy/fileid_64.flac	libritts	10.419	24000	The marshal and his posse, including Sheriff Jones, went among other invited guests and enjoyed the proffered hospitality.
[URGENT24]fileid_65	./configs/resources/wavs_stereo/test_nonblind/noisy/fileid_65.flac	vctk	16.245	48000	He sees a difference in the style of the two teams.
[URGENT24]fileid_66	./configs/resources/wavs_stereo/test_nonblind/noisy/fileid_66.flac	libritts	19.712	24000	Though you should reduce me to atoms, from them would spring those opinions which would serve altogether to silence your artillery.
[URGENT24]fileid_67	./configs/resources/wavs_stereo/test_nonblind/noisy/fileid_67.flac	libritts	1.457	24000	Then we began to think of the hospitality of the island, and the officers of the john Bright were asked to dine with us on the following day.
[URGENT24]fileid_68	./configs/resources/wavs_stereo/test_nonblind/noisy/fileid_68.flac	libritts	10.869	24000	"Mr President," said he, "I am in command of her Majesty's gunboat, the john Bright, and I have come to pay my respects to the ladies."
[URGENT24]fileid_69	./configs/resources/wavs_stereo/test_nonblind/noisy/fileid_69.flac	libritts	13.278	24000	I thought for a little what answer it would best become me to give to this question, but I paused only for a moment or two.
[URGENT24]fileid_70	./configs/resources/wavs_stereo/test_nonblind/noisy/fileid_70.flac	libritts	15.332	24000	This was the first complimentary speech which Sir Ferdinando had made, and I must confess that it was efficacious.
[URGENT24]fileid_71	./configs/resources/wavs_stereo/test_nonblind/noisy/fileid_71.flac	libritts	9.386	24000	Then there were three or four leading men of the community, with their wives, who were for the most part the fathers and mothers of the young ladies.
[URGENT24]fileid_72	./configs/resources/wavs_stereo/test_nonblind/noisy/fileid_72.flac	libritts	2.184	24000	Jack had been standing in the far corner of the room talking to Eva, and was now reduced to silence by his praises.
[URGENT24]fileid_73	./configs/resources/wavs_stereo/test_nonblind/noisy/fileid_73.flac	libritts	-4.687	24000	At any rate, my eloquence was altogether stopped. The gentleman was named Sir Ferdinando Brown.
[URGENT24]fileid_74	./configs/resources/wavs_stereo/test_nonblind/noisy/fileid_74.flac	libritts	3.777	24000	This was a pretty little speech enough, and received the eager compliments of the officers of the john Bright.
[URGENT24]fileid_75	./configs/resources/wavs_stereo/test_nonblind/noisy/fileid_75.flac	libritts	1.767	24000	The john Bright is armed with a weapon of great power, against which it is impossible that the people of Britannula should prevail.
[URGENT24]fileid_76	./configs/resources/wavs_stereo/test_nonblind/noisy/fileid_76.flac	libritts	4.031	24000	Government that he shall be treated with all respect, and that those honours shall be paid to him which are due to the President of a friendly republic.
[URGENT24]fileid_77	./configs/resources/wavs_stereo/test_nonblind/noisy/fileid_77.flac	libritts	-3.305	24000	All this I could hardly explain to him, as I should thus be giving to him the strongest evidence against my own philosophy.
[URGENT24]fileid_78	./configs/resources/wavs_stereo/test_nonblind/noisy/fileid_78.flac	libritts	14.587	24000	I must by no means show in such company as was now present the strong feeling which pervaded my own mind.
[URGENT24]fileid_79	./configs/resources/wavs_stereo/test_nonblind/noisy/fileid_79.flac	libritts	13.528	24000	I was to be taken away and carried to England or elsewhere,--or drowned upon the voyage, it mattered not which.
[URGENT24]fileid_80	./configs/resources/wavs_stereo/test_nonblind/noisy/fileid_80.flac	libritts	16.667	24000	The country has since undoubtedly prospered, and in a material point of view has given us no grounds for regret.
[URGENT24]fileid_81	./configs/resources/wavs_stereo/test_nonblind/noisy/fileid_81.flac	libritts	17.436	24000	So the world was happy, and the face of the black belt green and luxuriant with thickening flecks of the coming foam of the cotton.
[URGENT24]fileid_82	./configs/resources/wavs_stereo/test_nonblind/noisy/fileid_82.flac	libritts	7.265	24000	Two kinds of motion were assigned to them-first, the revolution in the same and around the same, in peaceful unchanging thought of the same; and to this was added a forward motion which was under the control of the same.
[URGENT24]fileid_83	./configs/resources/wavs_stereo/test_nonblind/noisy/fileid_83.flac	libritts	5.800	24000	And God created them according to the patterns or species of them which existed in the divine original.
[URGENT24]fileid_84	./configs/resources/wavs_stereo/test_nonblind/noisy/fileid_84.flac	libritts	18.533	24000	The two divine courses were encased by the gods in a sphere which is called the head, and is the god and lord of us.
[URGENT24]fileid_85	./configs/resources/wavs_stereo/test_nonblind/noisy/fileid_85.flac	libritts	17.147	24000	The chaos in which his ardour extinguished itself was a cold indifferent knowledge of himself.
[URGENT24]fileid_86	./configs/resources/wavs_stereo/test_nonblind/noisy/fileid_86.flac	libritts	-3.120	24000	He stooped to the evil of hypocrisy with others, sceptical of their innocence which he could cajole so easily.
[URGENT24]fileid_87	./configs/resources/wavs_stereo/test_nonblind/noisy/fileid_87.flac	libritts	-1.802	24000	He came of an old and illustrious Spanish family and you remember that he was one of the first followers of saint Ignatius.
[URGENT24]fileid_88	./configs/resources/wavs_stereo/test_nonblind/noisy/fileid_88.flac	libritts	11.146	24000	A moment before the ghost of the ancient kingdom of the Danes had looked forth through the vesture of the hazewrapped City.
[URGENT24]fileid_89	./configs/resources/wavs_stereo/test_nonblind/noisy/fileid_89.flac	libritts	-4.502	24000	He turned round to the fire, gave a kick to a log, watched it an instant.
[URGENT24]fileid_90	./configs/resources/wavs_stereo/test_nonblind/noisy/fileid_90.flac	libritts	12.472	24000	If the child gives the effect another turn of the screw, what do you say to TWO children-?"
[URGENT24]fileid_91	./configs/resources/wavs_stereo/test_nonblind/noisy/fileid_91.flac	libritts	9.558	24000	The first of these touches conveyed that the written statement took up the tale at a point after it had, in a manner, begun.
[URGENT24]fileid_92	./configs/resources/wavs_stereo/test_nonblind/noisy/fileid_92.flac	libritts	8.670	24000	He took no notice of her; he looked at me, but as if, instead of me, he saw what he spoke of.
[URGENT24]fileid_93	./configs/resources/wavs_stereo/test_nonblind/noisy/fileid_93.flac	libritts	1.267	24000	But that only made his little final auditory more compact and select, kept it, round the hearth, subject to a common thrill.
[URGENT24]fileid_94	./configs/resources/wavs_stereo/test_nonblind/noisy/fileid_94.flac	libritts	-1.422	24000	I could write to my man and enclose the key; he could send down the packet as he finds it." It was to me in particular that he appeared to propound this-appeared almost to appeal for aid not to hesitate.
[URGENT24]fileid_95	./configs/resources/wavs_stereo/test_nonblind/noisy/fileid_95.flac	libritts	4.491	24000	Then he became as communicative as we could desire and indeed gave us his best reason for being so.
[URGENT24]fileid_96	./configs/resources/wavs_stereo/test_nonblind/noisy/fileid_96.flac	libritts	7.447	24000	I can see Douglas there before the fire, to which he had got up to present his back, looking down at his interlocutor with his hands in his pockets.
[URGENT24]fileid_97	./configs/resources/wavs_stereo/test_nonblind/noisy/fileid_97.flac	libritts	5.087	24000	"I thought we were 'stumped' again when I first saw that picture, but it's been of some use, after all.
[URGENT24]fileid_98	./configs/resources/wavs_stereo/test_nonblind/noisy/fileid_98.flac	libritts	12.993	24000	"Perhaps that's so," admitted Joyce, thoughtfully.
[URGENT24]fileid_99	./configs/resources/wavs_stereo/test_nonblind/noisy/fileid_99.flac	libritts	16.484	24000	"Yes, you are right; but I do not think any danger is to be apprehended from Buckingham."
[URGENT24]fileid_100	./configs/resources/wavs_stereo/test_nonblind/noisy/fileid_100.flac	libritts	-3.031	24000	Lend me your ear for ten minutes, and you shall learn just what stagecraft is." And I should begin with a short homily on
[URGENT24]fileid_101	./configs/resources/wavs_stereo/test_nonblind/noisy/fileid_101.flac	libritts	1.647	24000	Now this answer, even if it comes quite fresh to the stalls, will lose much of its effect if it is said without the assistance of a cigarette.
[URGENT24]fileid_102	./configs/resources/wavs_stereo/test_nonblind/noisy/fileid_102.flac	libritts	15.986	24000	It was an unsatisfying life; and when rash acquaintances asked him what he did, he used to say that he was for the Bar.
[URGENT24]fileid_103	./configs/resources/wavs_stereo/test_nonblind/noisy/fileid_103.flac	libritts	17.284	24000	What you want is to make it clear that you are conveying Hamlet's thoughts to the audience in rather a clever manner.
[URGENT24]fileid_104	./configs/resources/wavs_stereo/test_nonblind/noisy/fileid_104.flac	libritts	11.244	24000	The cat growled softly, picked up the prize in her jaws and trotted into the bushes to devour it.
[URGENT24]fileid_105	./configs/resources/wavs_stereo/test_nonblind/noisy/fileid_105.flac	libritts	-0.014	24000	But suddenly, straight and swift as a diving cormorant, he shot down into the torrent and disappeared beneath the surface.
[URGENT24]fileid_106	./configs/resources/wavs_stereo/test_nonblind/noisy/fileid_106.flac	vctk	4.443	48000	My main concern is that public health is not put at risk.
[URGENT24]fileid_107	./configs/resources/wavs_stereo/test_nonblind/noisy/fileid_107.flac	libritts	5.335	24000	Once more he half emerged, filled his gasping lungs, and pounded onward desperately, half flying and half swimming.
[URGENT24]fileid_108	./configs/resources/wavs_stereo/test_nonblind/noisy/fileid_108.flac	libritts	15.619	24000	As it chanced, however, the victim came down with a thud almost beneath the whiskered nose of the wildcat.
[URGENT24]fileid_109	./configs/resources/wavs_stereo/test_nonblind/noisy/fileid_109.flac	libritts	15.126	24000	Moreover, he was not in the situation or the surroundings which one is wont to associate with ducks.
[URGENT24]fileid_110	./configs/resources/wavs_stereo/test_nonblind/noisy/fileid_110.flac	libritts	-4.227	24000	The duck was a handsome male of the red breasted merganser family, and the absorbing interest of his life was fish.
[URGENT24]fileid_111	./configs/resources/wavs_stereo/test_nonblind/noisy/fileid_111.flac	libritts	6.522	24000	Close ahead of him now the teal saw refuge-the flashing line of the rapids.
[URGENT24]fileid_112	./configs/resources/wavs_stereo/test_nonblind/noisy/fileid_112.flac	libritts	9.046	24000	He would have been drowned, the breath battered clean out of him, in half a minute more, had he maintained the hopelessly unequal struggle.
[URGENT24]fileid_113	./configs/resources/wavs_stereo/test_nonblind/noisy/fileid_113.flac	libritts	15.923	24000	A few yards further on, the torrent fell seething over a long ledge into a pool of brief quiet.
[URGENT24]fileid_114	./configs/resources/wavs_stereo/test_nonblind/noisy/fileid_114.flac	libritts	7.534	24000	His feet were red, his long narrow beak, with its saw toothed edges and sharp hooked tip, was bright red.
[URGENT24]fileid_115	./configs/resources/wavs_stereo/test_nonblind/noisy/fileid_115.flac	vctk	-2.449	48000	When the sunlight strikes raindrops in the air, they act as a prism and form a rainbow.
[URGENT24]fileid_116	./configs/resources/wavs_stereo/test_nonblind/noisy/fileid_116.flac	libritts	-1.000	24000	Not only this, but on the table I found a small ball of black dough or clay, with specks of something which looks like sawdust in it.
[URGENT24]fileid_117	./configs/resources/wavs_stereo/test_nonblind/noisy/fileid_117.flac	libritts	8.645	24000	I was measuring how tall a man would need to be in order to see, as he passed, what papers were on the central table.
[URGENT24]fileid_118	./configs/resources/wavs_stereo/test_nonblind/noisy/fileid_118.flac	libritts	3.337	24000	All were agreed that one could be ordered, but that it was not a usual size of pencil and that it was seldom kept in stock.
[URGENT24]fileid_119	./configs/resources/wavs_stereo/test_nonblind/noisy/fileid_119.flac	vctk	3.270	48000	We have an election in eight days.
[URGENT24]fileid_120	./configs/resources/wavs_stereo/test_nonblind/noisy/fileid_120.flac	libritts	5.780	24000	He was a fine figure of a man, tall, lithe, and agile, with a springy step and a pleasant, open face.
[URGENT24]fileid_121	./configs/resources/wavs_stereo/test_nonblind/noisy/fileid_121.flac	libritts	5.990	24000	On the other hand, it seemed an unthinkable coincidence that a man should dare to enter the room, and that by chance on that very day the papers were on the table.
[URGENT24]fileid_122	./configs/resources/wavs_stereo/test_nonblind/noisy/fileid_122.flac	libritts	19.076	24000	I address him in Italian, and he answers very wittily, but his way of speaking makes me smile, and I tell him why.
[URGENT24]fileid_123	./configs/resources/wavs_stereo/test_nonblind/noisy/fileid_123.flac	libritts	9.284	24000	Martelli composed a satire against Maffei, in which he designated him by the anagram of Femia.
[URGENT24]fileid_124	./configs/resources/wavs_stereo/test_nonblind/noisy/fileid_124.flac	libritts	4.856	24000	For their mere occurrence, by itself, would not suggest any connection with anything that had happened before.
[URGENT24]fileid_125	./configs/resources/wavs_stereo/test_nonblind/noisy/fileid_125.flac	libritts	1.170	24000	If we had retained the "subject" or "act" in knowledge, the whole problem of memory would have been comparatively simple.
[URGENT24]fileid_126	./configs/resources/wavs_stereo/test_nonblind/noisy/fileid_126.flac	libritts	12.970	24000	Sensation, we decided, is not a form of knowledge.
[URGENT24]fileid_127	./configs/resources/wavs_stereo/test_nonblind/noisy/fileid_127.flac	libritts	-2.635	24000	Nevertheless, in spite of the risk of error, precision is the goal at which we must aim.
[URGENT24]fileid_128	./configs/resources/wavs_stereo/test_nonblind/noisy/fileid_128.flac	vctk	1.036	48000	We have the experience, the courses, and an abundance of confidence.
[URGENT24]fileid_129	./configs/resources/wavs_stereo/test_nonblind/noisy/fileid_129.flac	libritts	5.064	24000	So, Uncas, you had better take the lead, while I will put on the skin again, and trust to cunning for want of speed."
[URGENT24]fileid_130	./configs/resources/wavs_stereo/test_nonblind/noisy/fileid_130.flac	libritts	7.952	24000	See, the heel has hardly touched the ground; and there the dark hair has made a little jump, from root to root.
[URGENT24]fileid_131	./configs/resources/wavs_stereo/test_nonblind/noisy/fileid_131.flac	libritts	10.382	24000	I saw one of the birds fanning himself in the air, just beyond the dead oak-another sign that we are approaching an encampment."
[URGENT24]fileid_132	./configs/resources/wavs_stereo/test_nonblind/noisy/fileid_132.flac	libritts	16.011	24000	That Providence is partial in its gifts, for its own wise reasons, the best and most contented of us must allow."
[URGENT24]fileid_133	./configs/resources/wavs_stereo/test_nonblind/noisy/fileid_133.flac	libritts	7.965	24000	The whole party now proceeded, following the course of the rill, keeping anxious eyes on the regular impressions.
[URGENT24]fileid_134	./configs/resources/wavs_stereo/test_nonblind/noisy/fileid_134.flac	libritts	2.094	24000	The impressions of footsteps were numerous, but they all appeared like those of men who had wandered about the spot, without any design to quit it.
[URGENT24]fileid_135	./configs/resources/wavs_stereo/test_nonblind/noisy/fileid_135.flac	libritts	2.929	24000	She meanwhile passed her life with her parents in the strictest retirement, never letting herself be seen, but shunning every eye lest it should read her misfortune in her face.
[URGENT24]fileid_136	./configs/resources/wavs_stereo/test_nonblind/noisy/fileid_136.flac	libritts	5.034	24000	The lady soon appeared, presenting a most charming spectacle of perfect beauty, set off by the most appropriate adornments.
[URGENT24]fileid_137	./configs/resources/wavs_stereo/test_nonblind/noisy/fileid_137.flac	libritts	4.051	24000	The master and mistress begged them not to cry, or raise their voices in lamentation; for it would do the little patient no good.
[URGENT24]fileid_138	./configs/resources/wavs_stereo/test_nonblind/noisy/fileid_138.flac	libritts	-0.221	24000	On seeing his wife all in tears, and Leocadia fainting, he eagerly inquired the cause of so startling a spectacle.
[URGENT24]fileid_139	./configs/resources/wavs_stereo/test_nonblind/noisy/fileid_139.flac	libritts	3.717	24000	She succeeded in opening the window; and the moonlight shone in so brightly, that she could distinguish the colour of some damask hangings in the room.
[URGENT24]fileid_140	./configs/resources/wavs_stereo/test_nonblind/noisy/fileid_140.flac	libritts	5.376	24000	Rodolfo meanwhile having returned home, and having missed the crucifix, guessed who had taken it, but gave himself no concern about it.
[URGENT24]fileid_141	./configs/resources/wavs_stereo/test_nonblind/noisy/fileid_141.flac	libritts	5.586	24000	Among other things on which she cast her eyes was a small crucifix of solid silver, standing on a cabinet near the window.
[URGENT24]fileid_142	./configs/resources/wavs_stereo/test_nonblind/noisy/fileid_142.flac	libritts	7.797	24000	Heaven knows how she managed to keep it whole, through all our wanderings, or in what baskets and bundles and theatre trunks it hasn't been stowed away.
[URGENT24]fileid_143	./configs/resources/wavs_stereo/test_nonblind/noisy/fileid_143.flac	libritts	16.468	24000	Hilda sat down on the couch and said seriously: "I've a neat little sum in the bank, too, now, and I own a mite of a hut in Galway.
[URGENT24]fileid_144	./configs/resources/wavs_stereo/test_nonblind/noisy/fileid_144.flac	libritts	17.443	24000	On Sunday afternoon Alexander remembered Miss Burgoyne's invitation and called at her apartment.
[URGENT24]fileid_145	./configs/resources/wavs_stereo/test_nonblind/noisy/fileid_145.flac	vctk	5.446	48000	Her condition was yesterday described as critical, but stable.
[URGENT24]fileid_146	./configs/resources/wavs_stereo/test_nonblind/noisy/fileid_146.flac	libritts	-3.664	24000	Besides, a scolding would have made them unhappy, and this did not make them unhappy at all; it amused and entertained them.
[URGENT24]fileid_147	./configs/resources/wavs_stereo/test_nonblind/noisy/fileid_147.flac	libritts	17.311	24000	Nothing more was necessary except to shake up the mixture in order to facilitate the process of solution, and the medicine was ready.
[URGENT24]fileid_148	./configs/resources/wavs_stereo/test_nonblind/noisy/fileid_148.flac	libritts	-0.946	24000	Then, turning to Jane, she asked, in a somewhat altered tone, "Has she been a good girl, Jane?"
[URGENT24]fileid_149	./configs/resources/wavs_stereo/test_nonblind/noisy/fileid_149.flac	libritts	-0.233	24000	She called him a little gentleman and said that he was so fine that he might go to the royal court ball.
[URGENT24]fileid_150	./configs/resources/wavs_stereo/test_nonblind/noisy/fileid_150.flac	libritts	2.659	24000	But he had his cap. He still held on to it with both hands as he rushed into his mother's cottage.
[URGENT24]fileid_151	./configs/resources/wavs_stereo/test_nonblind/noisy/fileid_151.flac	libritts	18.118	24000	On huge silver platters were pyramids of tarts and cakes, and red wine sparkled in glittering decanters.
[URGENT24]fileid_152	./configs/resources/wavs_stereo/test_nonblind/noisy/fileid_152.flac	libritts	4.859	24000	He ran so fast that the Princess's necklace fell off his neck, and all the cakes jumped out of his pockets.
[URGENT24]fileid_153	./configs/resources/wavs_stereo/test_nonblind/noisy/fileid_153.flac	libritts	4.136	24000	The first person he met was a farm labourer walking alongside a load of peat and smacking at his horse.
[URGENT24]fileid_154	./configs/resources/wavs_stereo/test_nonblind/noisy/fileid_154.flac	libritts	8.301	24000	"But surely you would like to change caps with me," said the King, and raised his large, heavy gold crown from his head.
[URGENT24]fileid_155	./configs/resources/wavs_stereo/test_nonblind/noisy/fileid_155.flac	libritts	1.245	24000	In respect to her statement that she was going to the doctor's, it may, or may not, have been true.
[URGENT24]fileid_156	./configs/resources/wavs_stereo/test_nonblind/noisy/fileid_156.flac	libritts	-4.329	24000	"My son," said his mamma, "just stop and think how badly you would feel, if you really couldn't see Percy."
[URGENT24]fileid_157	./configs/resources/wavs_stereo/test_nonblind/noisy/fileid_157.flac	libritts	4.938	24000	At night, when no one knew it, the tears would come racing over the poor, forlorn little face, and would not be squeezed back.
[URGENT24]fileid_158	./configs/resources/wavs_stereo/test_nonblind/noisy/fileid_158.flac	libritts	11.858	24000	"Well," said mrs Whitney, softly, "let's think what we can do for Polly; it makes me feel very badly to see her sad little face."
[URGENT24]fileid_159	./configs/resources/wavs_stereo/test_nonblind/noisy/fileid_159.flac	vctk	-0.257	48000	A change in that position would require a decision by the council.
[URGENT24]fileid_160	./configs/resources/wavs_stereo/test_nonblind/noisy/fileid_160.flac	libritts	11.070	24000	"I'm afraid those wouldn't quite answer the purpose," said his mamma, smiling-"especially the last; yet we must think of something."
[URGENT24]fileid_161	./configs/resources/wavs_stereo/test_nonblind/noisy/fileid_161.flac	libritts	8.740	24000	"Be still," said Jappy warningly, while Phronsie stood surveying them all with grave eyes.
[URGENT24]fileid_162	./configs/resources/wavs_stereo/test_nonblind/noisy/fileid_162.flac	libritts	0.198	24000	Listen here what he do wit his money." And Frank began the catalogue of the young man's reputed extravagances.
[URGENT24]fileid_163	./configs/resources/wavs_stereo/test_nonblind/noisy/fileid_163.flac	libritts	16.172	24000	Besides they were members of the Presbyterian Church, and john thought that they were very willing that people should believe that they were great saints.
[URGENT24]fileid_164	./configs/resources/wavs_stereo/test_nonblind/noisy/fileid_164.flac	libritts	1.968	24000	Of this party, Edward, a boy of seventeen, called forth much sympathy; he too was claimed by Hollan.
[URGENT24]fileid_165	./configs/resources/wavs_stereo/test_nonblind/noisy/fileid_165.flac	libritts	0.686	24000	john Wesley was thirty two years of age, of a lively turn, pleasant countenance, dark color, and ordinary size.
[URGENT24]fileid_166	./configs/resources/wavs_stereo/test_nonblind/noisy/fileid_166.flac	libritts	6.726	24000	I was afraid of being overtaken on the way." He fled from near Baltimore, where he left brothers and other relatives in chains.
[URGENT24]fileid_167	./configs/resources/wavs_stereo/test_nonblind/noisy/fileid_167.flac	libritts	-1.659	24000	The soldiers again rolled the frame in position, having first pulled the Great Knife once more to the top of the derrick.
[URGENT24]fileid_168	./configs/resources/wavs_stereo/test_nonblind/noisy/fileid_168.flac	libritts	3.711	24000	The sailor followed and pulled out the Boolooroo, who, when he saw the terrible goat was captured and tied fast, quickly recovered his courage.
[URGENT24]fileid_169	./configs/resources/wavs_stereo/test_nonblind/noisy/fileid_169.flac	libritts	9.653	24000	What do you mean, prisoner, by daring to lay hands upon me?
[URGENT24]fileid_170	./configs/resources/wavs_stereo/test_nonblind/noisy/fileid_170.flac	vctk	-0.375	48000	They are interior designers and architects.
[URGENT24]fileid_171	./configs/resources/wavs_stereo/test_nonblind/noisy/fileid_171.flac	libritts	15.412	24000	The Room of the Great Knife was high and big, and around it ran rows of benches for the spectators to sit upon.
[URGENT24]fileid_172	./configs/resources/wavs_stereo/test_nonblind/noisy/fileid_172.flac	libritts	-0.329	24000	Then the door flew open and in came the soldiers dragging a great blue billygoat, which was desperately striving to get free.
[URGENT24]fileid_173	./configs/resources/wavs_stereo/test_nonblind/noisy/fileid_173.flac	libritts	7.078	24000	"Pinkies," said she, "your Queen has conquered the Boolooroo and is now the Queen of the Blues.
[URGENT24]fileid_174	./configs/resources/wavs_stereo/test_nonblind/noisy/fileid_174.flac	libritts	6.198	24000	and then he flapped his wings and barked like a dog with pure delight, and added as fast as his bird's tongue could speak:
[URGENT24]fileid_175	./configs/resources/wavs_stereo/test_nonblind/noisy/fileid_175.flac	libritts	1.786	24000	A speakers' stand, profusely decorated, had been erected on the lawn, and hundreds of folding chairs provided for seats.
[URGENT24]fileid_176	./configs/resources/wavs_stereo/test_nonblind/noisy/fileid_176.flac	libritts	13.662	24000	So as soon as breakfast was over the next morning Beth and Kenneth took one of the automobiles, the boy consenting unwillingly to this sort of locomotion because it would save much time.
[URGENT24]fileid_177	./configs/resources/wavs_stereo/test_nonblind/noisy/fileid_177.flac	libritts	-0.643	24000	"He was soft hearted and impetuous," said Beth; "and, being in love, he didn't stop to count the cost."
[URGENT24]fileid_178	./configs/resources/wavs_stereo/test_nonblind/noisy/fileid_178.flac	libritts	16.763	24000	A little bit of plaster tumbled down the chimney, and startled me confoundedly.
[URGENT24]fileid_179	./configs/resources/wavs_stereo/test_nonblind/noisy/fileid_179.flac	libritts	14.350	24000	'Now that's impossible, Radie; for I really don't think I once thought of him all this evening-except just while we were talking.'
[URGENT24]fileid_180	./configs/resources/wavs_stereo/test_nonblind/noisy/fileid_180.flac	libritts	0.056	24000	I suppose Miss Partridge would have had a precious lot of babbies; and who knows where the estate would have been by this time.'
[URGENT24]fileid_181	./configs/resources/wavs_stereo/test_nonblind/noisy/fileid_181.flac	libritts	11.595	24000	I was always afraid of him; in a long peruke, and dark red velvet coat, facing the hall door.
[URGENT24]fileid_182	./configs/resources/wavs_stereo/test_nonblind/noisy/fileid_182.flac	libritts	19.355	24000	I really can't tell; but he'll soon tire of country life.
[URGENT24]fileid_183	./configs/resources/wavs_stereo/test_nonblind/noisy/fileid_183.flac	vctk	4.914	48000	For the moment, that is the result of the X-ray.
[URGENT24]fileid_184	./configs/resources/wavs_stereo/test_nonblind/noisy/fileid_184.flac	libritts	7.040	24000	'I believe, Charlie,' he recommenced suddenly, 'there is not such an unnatural family on record as ours; is there?
[URGENT24]fileid_185	./configs/resources/wavs_stereo/test_nonblind/noisy/fileid_185.flac	libritts	-0.308	24000	The church yard meteor expired, there was nothing in a moment but his ordinary smile of recognition.
[URGENT24]fileid_186	./configs/resources/wavs_stereo/test_nonblind/noisy/fileid_186.flac	libritts	4.011	24000	'You have heard, of course, of mr Wylder's absence?'
[URGENT24]fileid_187	./configs/resources/wavs_stereo/test_nonblind/noisy/fileid_187.flac	libritts	-2.495	24000	I meant to speak to him and end all between us; and I would now write, but there is no address to his letters.
[URGENT24]fileid_188	./configs/resources/wavs_stereo/test_nonblind/noisy/fileid_188.flac	libritts	-2.687	24000	Dorcas returned her gaze with one of haughty amazement; and Rachel said,
[URGENT24]fileid_189	./configs/resources/wavs_stereo/test_nonblind/noisy/fileid_189.flac	libritts	7.549	24000	If he does not return in a day or two, Chelford, I am sure, will speak to me, and then I shall tell him my resolution.'
[URGENT24]fileid_190	./configs/resources/wavs_stereo/test_nonblind/noisy/fileid_190.flac	libritts	9.010	24000	I have very few to love me now, and I thought you might love me, as I have begun to love you.
[URGENT24]fileid_191	./configs/resources/wavs_stereo/test_nonblind/noisy/fileid_191.flac	libritts	-4.682	24000	She was sanguine, she was genial and companionable, and her spirits rose at the sight of a friendly face.
[URGENT24]fileid_192	./configs/resources/wavs_stereo/test_nonblind/noisy/fileid_192.flac	libritts	16.825	24000	He was particularly attentive to the behavior of their preachers, on whom all depended.
[URGENT24]fileid_193	./configs/resources/wavs_stereo/test_nonblind/noisy/fileid_193.flac	libritts	-2.933	24000	The history of manners and ideas permeates the history of events, and this is true reciprocally.
[URGENT24]fileid_194	./configs/resources/wavs_stereo/test_nonblind/noisy/fileid_194.flac	libritts	15.519	24000	I wish you therefore to begin your study of natural history and landscape by discerning the simple outlines and the pleasant colors of things; and to rest in them as long as you can.
[URGENT24]fileid_195	./configs/resources/wavs_stereo/test_nonblind/noisy/fileid_195.flac	libritts	0.208	24000	I say, "whether color be gay or sad."
[URGENT24]fileid_196	./configs/resources/wavs_stereo/test_nonblind/noisy/fileid_196.flac	libritts	8.991	24000	I just now referred to the landscape by john Bellini in the National Gallery as one of the six best existing of the purist school, being wholly felicitous and enjoyable.
[URGENT24]fileid_197	./configs/resources/wavs_stereo/test_nonblind/noisy/fileid_197.flac	vctk	19.357	48000	The home was now under new management.
[URGENT24]fileid_198	./configs/resources/wavs_stereo/test_nonblind/noisy/fileid_198.flac	libritts	14.076	24000	The Reformer had lectured on this Epistle of saint Paul's in fifteen nineteen and again in fifteen twenty three.
[URGENT24]fileid_199	./configs/resources/wavs_stereo/test_nonblind/noisy/fileid_199.flac	libritts	13.526	24000	If he says, "Thou shalt be damned," you tell him: "No, for I fly to Christ who gave Himself for my sins.
[URGENT24]fileid_200	./configs/resources/wavs_stereo/test_nonblind/noisy/fileid_200.flac	libritts	4.561	24000	His pulse beat fast as he recalled the friends and comrades with whom he had spent the last few years in that vanished city.
[URGENT24]fileid_201	./configs/resources/wavs_stereo/test_nonblind/noisy/fileid_201.flac	libritts	-4.507	24000	With a favorable wind she would certainly have made eleven knots an hour had not the high waves somewhat impeded her progress.
[URGENT24]fileid_202	./configs/resources/wavs_stereo/test_nonblind/noisy/fileid_202.flac	libritts	11.924	24000	At the same time, we have the problem still unsolved that the Mediterranean has evidently been transported to the equatorial zone."
[URGENT24]fileid_203	./configs/resources/wavs_stereo/test_nonblind/noisy/fileid_203.flac	Youtube2023+	4.480	24000	site in the distance or whether there's a big Marsh that they're wandering through but beyond that what lies Beyond can be figured out at a later date and
[URGENT24]fileid_204	./configs/resources/wavs_stereo/test_nonblind/noisy/fileid_204.flac	Youtube2023+	-4.338	24000	starting whether that's a map of a town if we're sticking with just a small tight Focus whether that's a map of the surrounding area the province that
[URGENT24]fileid_205	./configs/resources/wavs_stereo/test_nonblind/noisy/fileid_205.flac	Youtube2023+	12.479	24000	completely agree and I'm going to suggest something to all of you budding World creators out there that is perhaps not the most let's say expected route
[URGENT24]fileid_206	./configs/resources/wavs_stereo/test_nonblind/noisy/fileid_206.flac	Youtube2023+	14.429	24000	first time it doesn't go into all the complex and this is the sort of chemical you'll find doing this that and the other inside of volcanic eruption where
[URGENT24]fileid_207	./configs/resources/wavs_stereo/test_nonblind/noisy/fileid_207.flac	Youtube2023+	7.234	24000	something that's maybe not scientific or realistic and you want to do fantasy and you want to like incorporate like myth
[URGENT24]fileid_208	./configs/resources/wavs_stereo/test_nonblind/noisy/fileid_208.flac	Youtube2023+	1.272	24000	starting off in a environment or in a place or a certain location you may come up with the imagination for it sort of you know in passing as you're writing
[URGENT24]fileid_209	./configs/resources/wavs_stereo/test_nonblind/noisy/fileid_209.flac	Youtube2023+	5.205	24000	blah it's great but I think that for me that's kind of like yeah you really need to learn about the the specific things that you're kind of
[URGENT24]fileid_210	./configs/resources/wavs_stereo/test_nonblind/noisy/fileid_210.flac	Youtube2023+	11.539	24000	um and whilst I agree that the good advice is to focus down tightly on your story often it's the world that they
[URGENT24]fileid_211	./configs/resources/wavs_stereo/test_nonblind/noisy/fileid_211.flac	Youtube2023+	14.935	24000	of information just because I think it is pertinent get a kid's book it covers all the critical elements for the actual basic geography
[URGENT24]fileid_212	./configs/resources/wavs_stereo/test_nonblind/noisy/fileid_212.flac	Youtube2023+	7.103	24000	that's wondrous marvelous magical mystical as you wander on your Mystery Tour it's essential that you have something to contrast it with if
[URGENT24]fileid_213	./configs/resources/wavs_stereo/test_nonblind/noisy/fileid_213.flac	Youtube2023+	13.406	24000	my gigantic scar on the world I'm not a gigantic scar was created by this extraordinary event and then consider the impact of what that will have on the
[URGENT24]fileid_214	./configs/resources/wavs_stereo/test_nonblind/noisy/fileid_214.flac	Youtube2023+	7.144	24000	you've created and whether you want that to be the case mountains make borders it kind of happens and because of that peoples will be separated and that and
[URGENT24]fileid_215	./configs/resources/wavs_stereo/test_nonblind/noisy/fileid_215.flac	Youtube2023+	19.676	24000	engage with and consider the past of what those events appear to be and then consider the stories that are told about that because one of the biggest mistakes
[URGENT24]fileid_216	./configs/resources/wavs_stereo/test_nonblind/noisy/fileid_216.flac	Youtube2023+	19.592	24000	I found with many world Builders is that they write a past that is real yeah and they say this is what happened rather
[URGENT24]fileid_217	./configs/resources/wavs_stereo/test_nonblind/noisy/fileid_217.flac	Youtube2023+	8.104	24000	the truth as they dive deep into that horrible Scar and it contradicts everything they know and that is a conflict between the Paradigm that
[URGENT24]fileid_218	./configs/resources/wavs_stereo/test_nonblind/noisy/fileid_218.flac	Youtube2023+	9.510	24000	trap sometimes with creating World building and map making from logical historical or you know scientific you
[URGENT24]fileid_219	./configs/resources/wavs_stereo/test_nonblind/noisy/fileid_219.flac	Youtube2023+	0.322	24000	fine but if you're trying to create a world where there is these magical places that everyone is in awe of that is when you need to very carefully consider your contrast between what they
[URGENT24]fileid_220	./configs/resources/wavs_stereo/test_nonblind/noisy/fileid_220.flac	Youtube2023+	14.731	24000	deserts so what would their places look like what would the region look like because they've lived there for thousands of years and this starts to create interesting not just you know
[URGENT24]fileid_221	./configs/resources/wavs_stereo/test_nonblind/noisy/fileid_221.flac	Youtube2023+	0.720	24000	things that are kind of ripping things apart so for me you know creating something new is all about understanding what came before and
[URGENT24]fileid_222	./configs/resources/wavs_stereo/test_nonblind/noisy/fileid_222.flac	Youtube2023+	13.244	24000	your next page maps are referenced again and again and again and again so as someone who's creating a map
[URGENT24]fileid_223	./configs/resources/wavs_stereo/test_nonblind/noisy/fileid_223.flac	Youtube2023+	12.571	24000	you've got to realize that this map is going to be telling much more of a story than almost any other image that you may have
[URGENT24]fileid_224	./configs/resources/wavs_stereo/test_nonblind/noisy/fileid_224.flac	Youtube2023+	1.385	24000	sort of Uncertain if you're in a magical world by comparison you may have yourself a bunch of Wizard of other sorts of sorceress wizzy Woos who are
[URGENT24]fileid_225	./configs/resources/wavs_stereo/test_nonblind/noisy/fileid_225.flac	Youtube2023+	4.952	24000	capable of accurately charting the entire world because of their magic of whatever it may be and that presents again a very different world you can go
[URGENT24]fileid_226	./configs/resources/wavs_stereo/test_nonblind/noisy/fileid_226.flac	Youtube2023+	16.440	24000	what happens to the world when the world changes as you're playing through a story or a narrative and so if you're working with digital and you're not you
[URGENT24]fileid_227	./configs/resources/wavs_stereo/test_nonblind/noisy/fileid_227.flac	Youtube2023+	19.639	24000	thing because obviously like you read a lot of fantasy books and and obviously they have a lot of or most commonly they will have geographical elements that
[URGENT24]fileid_228	./configs/resources/wavs_stereo/test_nonblind/noisy/fileid_228.flac	Youtube2023+	17.207	24000	typically though you don't really have this chance to change the map after the facts like if you have a like a map at the beginning
[URGENT24]fileid_229	./configs/resources/wavs_stereo/test_nonblind/noisy/fileid_229.flac	Youtube2023+	1.258	24000	they're infested with giant spiders and they kill the threat of the giant spiders or they eliminate that threat how does that change the geography for the next part of the book you know how
[URGENT24]fileid_230	./configs/resources/wavs_stereo/test_nonblind/noisy/fileid_230.flac	Youtube2023+	5.336	24000	does that change the environment and and some books and some narratives and some places some people really dig into that and and really try and like make that a
[URGENT24]fileid_231	./configs/resources/wavs_stereo/test_nonblind/noisy/fileid_231.flac	Youtube2023+	6.657	24000	somebody controls it or nobody controls it so possibly there's an incoming fight particularly
[URGENT24]fileid_232	./configs/resources/wavs_stereo/test_nonblind/noisy/fileid_232.flac	Youtube2023+	2.809	24000	forested area that used to be populated but regardless someone probably controls it there's natural resources they're going to want them consider that when you're doing your world building
[URGENT24]fileid_233	./configs/resources/wavs_stereo/test_nonblind/noisy/fileid_233.flac	Youtube2023+	-1.581	24000	into looser tribal folks arguably until eventually they commute the technological level to significantly grab and control an area but you'll tend
[URGENT24]fileid_234	./configs/resources/wavs_stereo/test_nonblind/noisy/fileid_234.flac	Youtube2023+	9.089	24000	between those two towns have we reached their point it's wherever they're going to send out their armies or their equivalent little sets of foraging
[URGENT24]fileid_235	./configs/resources/wavs_stereo/test_nonblind/noisy/fileid_235.flac	Youtube2023+	18.279	24000	they butt heads where does the Border naturally form and just look and you'll find them at Rivers so reflecting that in your nation building and the stories
[URGENT24]fileid_236	./configs/resources/wavs_stereo/test_nonblind/noisy/fileid_236.flac	Youtube2023+	13.211	24000	your world building if you want it to feel believable absolutely we did a whole challenge called rivers and waterways at some
[URGENT24]fileid_237	./configs/resources/wavs_stereo/test_nonblind/noisy/fileid_237.flac	Youtube2023+	14.647	24000	that people do because like oh you know we're just doing it it's really fun and great I love cataclysms but they do it so that there's not really like a sudden
[URGENT24]fileid_238	./configs/resources/wavs_stereo/test_nonblind/noisy/fileid_238.flac	Youtube2023+	-0.911	24000	examples of this of like two different Maps because this narrative takes place in the middle of a cataclysm like you have one map and then
[URGENT24]fileid_239	./configs/resources/wavs_stereo/test_nonblind/noisy/fileid_239.flac	Youtube2023+	17.745	24000	example trying to convey that uneasiness or that Magical Mystery is a core component of what your words have to say
[URGENT24]fileid_240	./configs/resources/wavs_stereo/test_nonblind/noisy/fileid_240.flac	Youtube2023+	-2.855	24000	and often if you're for example writing a role play book you've got a much easier job on that because you can simply state it as what it is it's a
[URGENT24]fileid_241	./configs/resources/wavs_stereo/test_nonblind/noisy/fileid_241.flac	Youtube2023+	5.087	24000	weird alien thing in it but perhaps say it a little bit more eloquently because you can in a roleplay book describe
[URGENT24]fileid_242	./configs/resources/wavs_stereo/test_nonblind/noisy/fileid_242.flac	Youtube2023+	2.051	24000	you're writing a narrative you've got to be far more aware of the individual who's experiencing that narrative perhaps it's a perspective piece which
[URGENT24]fileid_243	./configs/resources/wavs_stereo/test_nonblind/noisy/fileid_243.flac	Youtube2023+	0.118	24000	fantasy and all of these different things like what is it that makes your world Fantastical and then you realize that the descriptions and the things
[URGENT24]fileid_244	./configs/resources/wavs_stereo/test_nonblind/noisy/fileid_244.flac	Youtube2023+	-3.008	24000	just writing but also map making and this is combined you know you're thinking about scale and color and all these you know things to make it bigger than life well
[URGENT24]fileid_245	./configs/resources/wavs_stereo/test_nonblind/noisy/fileid_245.flac	Youtube2023+	3.724	24000	personal Point um because everybody really does have their own tolerances and limits and I'm going to use a specific example for this one
[URGENT24]fileid_246	./configs/resources/wavs_stereo/test_nonblind/noisy/fileid_246.flac	Youtube2023+	9.503	24000	building and you're not actually using it for whatever you're building it for then perhaps you have a little bit too much detail but that's down to individual preference
[URGENT24]fileid_247	./configs/resources/wavs_stereo/test_nonblind/noisy/fileid_247.flac	Youtube2023+	2.723	24000	specifically about how do you do um all in one piece so it's not about different styles it's about keeping everything into one style um and that is I'm going to be a bit
[URGENT24]fileid_248	./configs/resources/wavs_stereo/test_nonblind/noisy/fileid_248.flac	Youtube2023+	16.390	24000	is a challenge now mountains are relatively easy because then you have valleys and you have trees and you have
[URGENT24]fileid_249	./configs/resources/wavs_stereo/test_nonblind/noisy/fileid_249.flac	Youtube2023+	11.657	24000	game and I am slightly terrified by this but it is happening it's gonna be amazing I'm so excited you can follow
[URGENT24]fileid_250	./configs/resources/wavs_stereo/test_nonblind/noisy/fileid_250.flac	cv11	16.065	22050	These and the other youth leaders are advised and supported by the adult leaders.
[URGENT24]fileid_251	./configs/resources/wavs_stereo/test_nonblind/noisy/fileid_251.flac	cv11	15.696	22050	Plastic surgery has become more popular.
[URGENT24]fileid_252	./configs/resources/wavs_stereo/test_nonblind/noisy/fileid_252.flac	cv11	-4.620	22050	The four winners will go to the next round.
[URGENT24]fileid_253	./configs/resources/wavs_stereo/test_nonblind/noisy/fileid_253.flac	vctk	-1.922	48000	Ms Anderson yesterday put a brave face on the departure.
[URGENT24]fileid_254	./configs/resources/wavs_stereo/test_nonblind/noisy/fileid_254.flac	cv11	8.527	22050	She conducted negotiations with the prison commander on their behalf.
[URGENT24]fileid_255	./configs/resources/wavs_stereo/test_nonblind/noisy/fileid_255.flac	cv11	10.340	22050	It is also sung at the conclusion of the Great Doxology.
[URGENT24]fileid_256	./configs/resources/wavs_stereo/test_nonblind/noisy/fileid_256.flac	cv11	18.277	22050	They were charged with staying illegally on Uzbek territory.
[URGENT24]fileid_257	./configs/resources/wavs_stereo/test_nonblind/noisy/fileid_257.flac	cv11	7.822	22050	Her parents were Julie (born Hawkins) and Thomas Hawley.
[URGENT24]fileid_258	./configs/resources/wavs_stereo/test_nonblind/noisy/fileid_258.flac	cv11	4.214	22050	Descriptions of rejuvenation and immortality remedies are often found in the writings of alchemists.
[URGENT24]fileid_259	./configs/resources/wavs_stereo/test_nonblind/noisy/fileid_259.flac	cv11	16.999	22050	She investigates the morphogenesis process that builds both the mammary gland and vertebrate lung.
[URGENT24]fileid_260	./configs/resources/wavs_stereo/test_nonblind/noisy/fileid_260.flac	cv11	9.039	22050	During his time as Opposition Leader, Williams donated his legislative salary to charity.
[URGENT24]fileid_261	./configs/resources/wavs_stereo/test_nonblind/noisy/fileid_261.flac	cv11	17.158	22050	That could lead to real social inequality and injustice, Cooper told Parliament.
[URGENT24]fileid_262	./configs/resources/wavs_stereo/test_nonblind/noisy/fileid_262.flac	cv11	15.667	22050	These include culturally significant shell middens and intertidal clam gardens.
[URGENT24]fileid_263	./configs/resources/wavs_stereo/test_nonblind/noisy/fileid_263.flac	cv11	2.902	22050	Her computer suddenly shows a Blue Screen of Death.
[URGENT24]fileid_264	./configs/resources/wavs_stereo/test_nonblind/noisy/fileid_264.flac	cv11	5.216	22050	Phyllis also studied composition at the Mannes School of Music.
[URGENT24]fileid_265	./configs/resources/wavs_stereo/test_nonblind/noisy/fileid_265.flac	cv11	7.022	22050	It is exhibited in the attic.
[URGENT24]fileid_266	./configs/resources/wavs_stereo/test_nonblind/noisy/fileid_266.flac	cv11	8.011	22050	The flowers will grow within of each other.
[URGENT24]fileid_267	./configs/resources/wavs_stereo/test_nonblind/noisy/fileid_267.flac	cv11	7.818	22050	Rucchin played high school hockey for Sir Frederick Banting Secondary School in London, Ontario.
[URGENT24]fileid_268	./configs/resources/wavs_stereo/test_nonblind/noisy/fileid_268.flac	cv11	11.535	22050	Due to the regions isolation it is relatively untouched and unexplored by humans.
[URGENT24]fileid_269	./configs/resources/wavs_stereo/test_nonblind/noisy/fileid_269.flac	cv11	15.999	22050	Poetry and truth.
[URGENT24]fileid_270	./configs/resources/wavs_stereo/test_nonblind/noisy/fileid_270.flac	cv11	18.547	22050	The series continued sporadically after this.
[URGENT24]fileid_271	./configs/resources/wavs_stereo/test_nonblind/noisy/fileid_271.flac	cv11	8.504	22050	Ploy was seemingly dead by the time the rest of the household responded.
[URGENT24]fileid_272	./configs/resources/wavs_stereo/test_nonblind/noisy/fileid_272.flac	cv11	11.420	22050	The National Hockey Centre features three international level synthetic pitches.
[URGENT24]fileid_273	./configs/resources/wavs_stereo/test_nonblind/noisy/fileid_273.flac	cv11	16.207	22050	They were among the most popular of the Carnival bands from that era.
[URGENT24]fileid_274	./configs/resources/wavs_stereo/test_nonblind/noisy/fileid_274.flac	cv11	-4.262	22050	Willow is now the official host of the Iditarod Trail Sled Dog Race restart.
[URGENT24]fileid_275	./configs/resources/wavs_stereo/test_nonblind/noisy/fileid_275.flac	cv11	16.296	22050	A microburst in Leominster and another in Shirley damaged several trees.
[URGENT24]fileid_276	./configs/resources/wavs_stereo/test_nonblind/noisy/fileid_276.flac	cv11	-1.144	22050	She made no reply.
[URGENT24]fileid_277	./configs/resources/wavs_stereo/test_nonblind/noisy/fileid_277.flac	cv11	2.066	22050	'm all about those invisible cosmic connections that transcend time and distance.
[URGENT24]fileid_278	./configs/resources/wavs_stereo/test_nonblind/noisy/fileid_278.flac	cv11	16.400	22050	She entered Colombo University College.
[URGENT24]fileid_279	./configs/resources/wavs_stereo/test_nonblind/noisy/fileid_279.flac	cv11	-2.827	22050	Burnett kept an extensive garden, including an impressive rose garden.
[URGENT24]fileid_280	./configs/resources/wavs_stereo/test_nonblind/noisy/fileid_280.flac	cv11	0.062	22050	Oh, dear me, what's this, what's this!
[URGENT24]fileid_281	./configs/resources/wavs_stereo/test_nonblind/noisy/fileid_281.flac	cv11	11.307	22050	Did you know that Nikola was going to join us?
[URGENT24]fileid_282	./configs/resources/wavs_stereo/test_nonblind/noisy/fileid_282.flac	cv11	7.978	22050	Superman arrives in time to disarm the men and flies Lois and Jon away.
[URGENT24]fileid_283	./configs/resources/wavs_stereo/test_nonblind/noisy/fileid_283.flac	cv11	-2.843	22050	Here she launched and directed the electrochemical materials group.
[URGENT24]fileid_284	./configs/resources/wavs_stereo/test_nonblind/noisy/fileid_284.flac	cv11	19.652	22050	Zhang returned to his hometown after retiring.
[URGENT24]fileid_285	./configs/resources/wavs_stereo/test_nonblind/noisy/fileid_285.flac	cv11	-4.149	22050	Picrocrocin is a degradation product of the carotenoid zeaxanthin.
[URGENT24]fileid_286	./configs/resources/wavs_stereo/test_nonblind/noisy/fileid_286.flac	cv11	-2.729	22050	She is such a kind girl.
[URGENT24]fileid_287	./configs/resources/wavs_stereo/test_nonblind/noisy/fileid_287.flac	cv11	11.302	22050	The opening closest to the entrance on each side contains bronze frames.
[URGENT24]fileid_288	./configs/resources/wavs_stereo/test_nonblind/noisy/fileid_288.flac	cv11	6.672	22050	The transfer required two hours nineteen minutes and ten seconds to complete.
[URGENT24]fileid_289	./configs/resources/wavs_stereo/test_nonblind/noisy/fileid_289.flac	cv11	18.814	22050	Another, General Cadwallader C. Washburn escaped to Fort Pickering dressed in his night-shirt.
[URGENT24]fileid_290	./configs/resources/wavs_stereo/test_nonblind/noisy/fileid_290.flac	cv11	11.643	22050	The Dali Lama during a reception where participants have brought carnations parasols and prayer flags
[URGENT24]fileid_291	./configs/resources/wavs_stereo/test_nonblind/noisy/fileid_291.flac	cv11	10.145	22050	The platform has experimented with conducting research participant study visits through remote video chat.
[URGENT24]fileid_292	./configs/resources/wavs_stereo/test_nonblind/noisy/fileid_292.flac	cv11	7.899	22050	The house was moved to make way for commercial development.
[URGENT24]fileid_293	./configs/resources/wavs_stereo/test_nonblind/noisy/fileid_293.flac	cv11	-3.005	22050	Project Verona is also being aided by academics at Imperial College London.
[URGENT24]fileid_294	./configs/resources/wavs_stereo/test_nonblind/noisy/fileid_294.flac	cv11	19.110	22050	The Swedes had to accept him as king until they rebelled and killed him.
[URGENT24]fileid_295	./configs/resources/wavs_stereo/test_nonblind/noisy/fileid_295.flac	cv11	18.994	22050	The center researches innovations for wireless integrated microsystemss.
[URGENT24]fileid_296	./configs/resources/wavs_stereo/test_nonblind/noisy/fileid_296.flac	cv11	8.779	22050	If you’re suffering from addiction, know you are not alone.
[URGENT24]fileid_297	./configs/resources/wavs_stereo/test_nonblind/noisy/fileid_297.flac	cv11	15.296	22050	Fellow Zimbabwean sculptor Eddie Masaya was an important influence early in her career.
[URGENT24]fileid_298	./configs/resources/wavs_stereo/test_nonblind/noisy/fileid_298.flac	cv11	10.030	22050	He was the first formally trained architect operating in the state.
[URGENT24]fileid_299	./configs/resources/wavs_stereo/test_nonblind/noisy/fileid_299.flac	vctk	17.808	48000	Instead, he was informed to join the line of creditors.
[URGENT24]fileid_300	./configs/resources/wavs_stereo/test_nonblind/noisy/fileid_300.flac	cv11	-0.816	22050	At Sports Journalists’ Federation of India he served as the founding secretary.
[URGENT24]fileid_301	./configs/resources/wavs_stereo/test_nonblind/noisy/fileid_301.flac	cv11	-0.775	22050	The park, which is Virginia's most visited state park, is nestled in Virginia Beach.
[URGENT24]fileid_302	./configs/resources/wavs_stereo/test_nonblind/noisy/fileid_302.flac	cv11	13.528	22050	The cemetery plans to build several more similar mausoleums.
[URGENT24]fileid_303	./configs/resources/wavs_stereo/test_nonblind/noisy/fileid_303.flac	cv11	7.021	22050	Each chapter has an introductory text.
[URGENT24]fileid_304	./configs/resources/wavs_stereo/test_nonblind/noisy/fileid_304.flac	cv11	2.688	22050	Fairfield Township is governed under the Township form of government.
[URGENT24]fileid_305	./configs/resources/wavs_stereo/test_nonblind/noisy/fileid_305.flac	cv11	5.437	22050	Both "Woman" and "Naked" are driven by steel drums and pulsing bass.
[URGENT24]fileid_306	./configs/resources/wavs_stereo/test_nonblind/noisy/fileid_306.flac	cv11	18.207	22050	Operation Center coordinates between provincial government and District administration in times of emergency.
[URGENT24]fileid_307	./configs/resources/wavs_stereo/test_nonblind/noisy/fileid_307.flac	cv11	6.707	22050	Manzanar was the first of the ten concentration camps to be established.
[URGENT24]fileid_308	./configs/resources/wavs_stereo/test_nonblind/noisy/fileid_308.flac	cv11	10.475	22050	The result is expressed as a percentage of the total number of points available.
[URGENT24]fileid_309	./configs/resources/wavs_stereo/test_nonblind/noisy/fileid_309.flac	cv11	-1.151	22050	The branch line is now known as the Corinda-Yeerongpilly line.
[URGENT24]fileid_310	./configs/resources/wavs_stereo/test_nonblind/noisy/fileid_310.flac	cv11	8.968	22050	That question depends on political considerations, on which the Legislature is to decide.
[URGENT24]fileid_311	./configs/resources/wavs_stereo/test_nonblind/noisy/fileid_311.flac	cv11	-2.484	22050	Other areas of focus include the Metolius River and the Crooked River.
[URGENT24]fileid_312	./configs/resources/wavs_stereo/test_nonblind/noisy/fileid_312.flac	cv11	10.996	22050	The Cascade Lakes Scenic Byway continues south along the west side of Mount Bachelor.
[URGENT24]fileid_313	./configs/resources/wavs_stereo/test_nonblind/noisy/fileid_313.flac	cv11	2.150	22050	The Minbari delegate to the meeting was killed in the Centauri attack.
[URGENT24]fileid_314	./configs/resources/wavs_stereo/test_nonblind/noisy/fileid_314.flac	libritts	17.190	22050	As she said this she looked down at her hands, and was surprised to see that she had put on one of the Rabbit's little white kid gloves while she was talking.
[URGENT24]fileid_315	./configs/resources/wavs_stereo/test_nonblind/noisy/fileid_315.flac	libritts	-1.048	22050	The Mouse gave a sudden leap out of the water, and seemed to quiver all over with fright. 'Oh, I beg your pardon!' cried Alice hastily, afraid that she had hurt the poor animal's feelings.
[URGENT24]fileid_316	./configs/resources/wavs_stereo/test_nonblind/noisy/fileid_316.flac	libritts	-2.431	22050	"-You seem anxious, my uncle," I said, seeing him continually with his glass to his eye.
[URGENT24]fileid_317	./configs/resources/wavs_stereo/test_nonblind/noisy/fileid_317.flac	libritts	4.416	22050	The plesiosaurus, a serpent with a cylindrical body and a short tail, has four flappers or paddles to act like oars.
[URGENT24]fileid_318	./configs/resources/wavs_stereo/test_nonblind/noisy/fileid_318.flac	libritts	-0.160	22050	Suddenly the ichthyosaurus and the plesiosaurus disappear below, leaving a whirlpool eddying in the water.
[URGENT24]fileid_319	./configs/resources/wavs_stereo/test_nonblind/noisy/fileid_319.flac	libritts	-4.119	22050	I then remembered that the Professor, before starting, had estimated the length of this underground sea at thirty leagues.
[URGENT24]fileid_320	./configs/resources/wavs_stereo/test_nonblind/noisy/fileid_320.flac	libritts	6.536	22050	Two monsters only were creating all this commotion; and before my eyes are two reptiles of the primitive world.
[URGENT24]fileid_321	./configs/resources/wavs_stereo/test_nonblind/noisy/fileid_321.flac	libritts	3.648	22050	I can distinguish the eye of the ichthyosaurus glowing like a red hot coal, and as large as a man's head.
[URGENT24]fileid_322	./configs/resources/wavs_stereo/test_nonblind/noisy/fileid_322.flac	libritts	8.488	22050	But it now seems to me as if the other animals were taking part in the fray-the porpoise, the whale, the lizard, the tortoise.
[URGENT24]fileid_323	./configs/resources/wavs_stereo/test_nonblind/noisy/fileid_323.flac	libritts	7.155	22050	"Yes," replied my uncle, "and there is a sea lizard of vast size."
[URGENT24]fileid_324	./configs/resources/wavs_stereo/test_nonblind/noisy/fileid_324.flac	libritts	11.592	22050	Hans pointed with his finger at a dark mass six hundred yards away, rising and falling alternately with heavy plunges.
[URGENT24]fileid_325	./configs/resources/wavs_stereo/test_nonblind/noisy/fileid_325.flac	libritts	8.951	22050	"No: the first of those monsters has a porpoise's snout, a lizard's head, a crocodile's teeth; and hence our mistake.
[URGENT24]fileid_326	./configs/resources/wavs_stereo/test_nonblind/noisy/fileid_326.flac	libritts	16.903	22050	Look at its vast jaws and its rows of teeth!
[URGENT24]fileid_327	./configs/resources/wavs_stereo/test_nonblind/noisy/fileid_327.flac	libritts	-2.957	22050	I was possessed with an apprehension lest the electric light should grow dim, or fail altogether.
[URGENT24]fileid_328	./configs/resources/wavs_stereo/test_nonblind/noisy/fileid_328.flac	libritts	-4.581	22050	The reptiles rose; they wheeled around our little raft with a rapidity greater than that of express trains.
[URGENT24]fileid_329	./configs/resources/wavs_stereo/test_nonblind/noisy/fileid_329.flac	libritts	3.682	22050	It must be as wide as the Mediterranean or the Atlantic-and why not?
[URGENT24]fileid_330	./configs/resources/wavs_stereo/test_nonblind/noisy/fileid_330.flac	libritts	19.488	22050	But when the pick was shipped again, Hans pointed out on its surface deep prints as if it had been violently compressed between two hard bodies.
[URGENT24]fileid_331	./configs/resources/wavs_stereo/test_nonblind/noisy/fileid_331.flac	libritts	18.411	22050	Mast and sail flew up in an instant together, and I saw them carried up to prodigious height, resembling in appearance a pterodactyle, one of those strong birds of the infant world.
[URGENT24]fileid_332	./configs/resources/wavs_stereo/test_nonblind/noisy/fileid_332.flac	libritts	5.691	22050	It seems to me as if my companions, the moment they touched me, would receive a severe shock like that from an electric eel.
[URGENT24]fileid_333	./configs/resources/wavs_stereo/test_nonblind/noisy/fileid_333.flac	libritts	9.537	22050	The atmosphere is charged with vapours, pervaded with the electricity generated by the evaporation of saline waters.
[URGENT24]fileid_334	./configs/resources/wavs_stereo/test_nonblind/noisy/fileid_334.flac	libritts	6.395	22050	My uncle lies full length across the raft.
[URGENT24]fileid_335	./configs/resources/wavs_stereo/test_nonblind/noisy/fileid_335.flac	libritts	-4.701	22050	In the distance the clouds resemble great bales of cotton, piled up in picturesque disorder.
[URGENT24]fileid_336	./configs/resources/wavs_stereo/test_nonblind/noisy/fileid_336.flac	libritts	2.374	22050	He has laid a firm hold upon a rope, and appears to watch with grim satisfaction this awful display of elemental strife.
[URGENT24]fileid_337	./configs/resources/wavs_stereo/test_nonblind/noisy/fileid_337.flac	libritts	11.305	22050	Scarcely has he lifted his head again before a ball of fire has bounded over the waves and lighted on board our raft.
[URGENT24]fileid_338	./configs/resources/wavs_stereo/test_nonblind/noisy/fileid_338.flac	libritts	-4.694	22050	I could just see my uncle at full length on the raft, and Hans still at his helm and spitting fire under the action of the electricity which has saturated him.
[URGENT24]fileid_339	./configs/resources/wavs_stereo/test_nonblind/noisy/fileid_339.flac	libritts	-2.498	22050	The piled up vapours condense into water; and the air, put into violent action to supply the vacuum left by the condensation of the mists, rouses itself into a whirlwind.
[URGENT24]fileid_340	./configs/resources/wavs_stereo/test_nonblind/noisy/fileid_340.flac	libritts	19.142	22050	The heaving waves resemble fiery volcanic hills, each belching forth its own interior flames, and every crest is plumed with dancing fire.
[URGENT24]fileid_341	./configs/resources/wavs_stereo/test_nonblind/noisy/fileid_341.flac	libritts	8.314	22050	Alas! the fall upon our fated raft of this electric globe has magnetised every iron article on board.
[URGENT24]fileid_342	./configs/resources/wavs_stereo/test_nonblind/noisy/fileid_342.flac	libritts	12.887	22050	We are obliged to secure as fast as possible every article that belongs to our cargo.
[URGENT24]fileid_343	./configs/resources/wavs_stereo/test_nonblind/noisy/fileid_343.flac	libritts	19.962	22050	The clouds are sinking lower, and assume an olive hue.
[URGENT24]fileid_344	./configs/resources/wavs_stereo/test_nonblind/noisy/fileid_344.flac	libritts	6.815	22050	"There's a heavy storm coming on," I cried, pointing towards the horizon.
[URGENT24]fileid_345	./configs/resources/wavs_stereo/test_nonblind/noisy/fileid_345.flac	libritts	19.897	22050	Ah! what a flood of intense and dazzling light! the globe has burst, and we are deluged with tongues of fire!
[URGENT24]fileid_346	./configs/resources/wavs_stereo/test_nonblind/noisy/fileid_346.flac	libritts	0.831	22050	I feel peculiar sensations, like many creatures on earth at the approach of violent atmospheric changes.
[URGENT24]fileid_347	./configs/resources/wavs_stereo/test_nonblind/noisy/fileid_347.flac	vctk	16.813	48000	It is likely the rest of the market will follow suit.
[URGENT24]fileid_348	./configs/resources/wavs_stereo/test_nonblind/noisy/fileid_348.flac	libritts	3.509	22050	My eyes fail under the dazzling light, my ears are stunned with the incessant crash of thunder.
[URGENT24]fileid_349	./configs/resources/wavs_stereo/test_nonblind/noisy/fileid_349.flac	libritts	2.964	22050	We lay there, our blood running cold with unspeakable terror.
[URGENT24]fileid_350	./configs/resources/wavs_stereo/test_nonblind/noisy/fileid_350.flac	libritts	19.051	22050	The first Edison plant in a hotel was started in October, eighteen eighty one, at the Blue Mountain House in the Adirondacks, and consisted of two "Z" dynamos with a complement of eight and sixteen candle lamps.
[URGENT24]fileid_351	./configs/resources/wavs_stereo/test_nonblind/noisy/fileid_351.flac	libritts	16.571	22050	The difficulty of obtaining engineers in those days to run the high-speed engines (three hundred and fifty revolutions per minute) is well illustrated by an amusing incident in the very early history of the station.
[URGENT24]fileid_352	./configs/resources/wavs_stereo/test_nonblind/noisy/fileid_352.flac	libritts	-0.694	22050	The hotel is situated at an elevation of thirty five hundred feet above the sea, and was at that time forty miles from the railroad.
[URGENT24]fileid_353	./configs/resources/wavs_stereo/test_nonblind/noisy/fileid_353.flac	libritts	15.502	22050	It went into service august fifteenth eighteen eighty two, about three weeks before the Pearl Street station.
[URGENT24]fileid_354	./configs/resources/wavs_stereo/test_nonblind/noisy/fileid_354.flac	libritts	9.661	22050	He felt he was up against it, and that perhaps another kind of a job would suit him better.
[URGENT24]fileid_355	./configs/resources/wavs_stereo/test_nonblind/noisy/fileid_355.flac	libritts	-1.426	22050	Soon after the station went into operation this ingenious plan was changed, and the third dynamo was replaced by two others.
[URGENT24]fileid_356	./configs/resources/wavs_stereo/test_nonblind/noisy/fileid_356.flac	libritts	6.229	22050	I took it up, and it had solved the engine oiling problem-and my walk to Lawrence like a tramp actor's was off!
[URGENT24]fileid_357	./configs/resources/wavs_stereo/test_nonblind/noisy/fileid_357.flac	vctk	-1.933	48000	Well, it did last time, he was reminded.
[URGENT24]fileid_358	./configs/resources/wavs_stereo/test_nonblind/noisy/fileid_358.flac	libritts	0.705	22050	Having travelled around the world, I had cultivated an indifference to any special difficulties of that kind.
[URGENT24]fileid_359	./configs/resources/wavs_stereo/test_nonblind/noisy/fileid_359.flac	libritts	9.942	22050	mr Sprague realized the trouble, quickly threw off the current and stopped the engine.
[URGENT24]fileid_360	./configs/resources/wavs_stereo/test_nonblind/noisy/fileid_360.flac	libritts	19.228	22050	It could not be used for electroplating or deposition, nor could it charge storage batteries, all of which are easily within the ability of the direct current.
[URGENT24]fileid_361	./configs/resources/wavs_stereo/test_nonblind/noisy/fileid_361.flac	libritts	-0.398	22050	Why, if we erect a station at the falls, it is a great economy to get it up to the city.
[URGENT24]fileid_362	./configs/resources/wavs_stereo/test_nonblind/noisy/fileid_362.flac	libritts	1.076	22050	I believe that this construction department was unkindly named the 'Destruction Department.' It served its purpose; never made any money; and I had the unpleasant task of presiding at its obsequies."
[URGENT24]fileid_363	./configs/resources/wavs_stereo/test_nonblind/noisy/fileid_363.flac	libritts	11.948	22050	He weighed and reweighed the meter plates, and pursued every line of investigation imaginable, but all in vain.
[URGENT24]fileid_364	./configs/resources/wavs_stereo/test_nonblind/noisy/fileid_364.flac	libritts	11.243	22050	The investors in the enterprise were ready and anxious to meet the extra cost of putting the wires underground.
[URGENT24]fileid_365	./configs/resources/wavs_stereo/test_nonblind/noisy/fileid_365.flac	libritts	14.734	22050	We were using coal costing twelve dollars a ton, and were paid for our light in currency worth fifty cents on the dollar.
[URGENT24]fileid_366	./configs/resources/wavs_stereo/test_nonblind/noisy/fileid_366.flac	libritts	-0.803	22050	The Paris plant, like that at the Crystal Palace, was a temporary exhibit.
[URGENT24]fileid_367	./configs/resources/wavs_stereo/test_nonblind/noisy/fileid_367.flac	libritts	18.661	22050	The meter continued in general service during eighteen ninety nine, and probably up to the close of the century.
[URGENT24]fileid_368	./configs/resources/wavs_stereo/test_nonblind/noisy/fileid_368.flac	libritts	19.980	22050	We had an index like a steam gauge, called an ampere meter, to indicate the amount of current going out.
[URGENT24]fileid_369	./configs/resources/wavs_stereo/test_nonblind/noisy/fileid_369.flac	libritts	17.373	22050	The boilers were fired by wood, as the economical transportation of coal was a physical impossibility.
[URGENT24]fileid_370	./configs/resources/wavs_stereo/test_nonblind/noisy/fileid_370.flac	libritts	7.263	22050	"Our first engine compelled the inventing and making of a suitable engine indicator to indicate it-the Tabor.
[URGENT24]fileid_371	./configs/resources/wavs_stereo/test_nonblind/noisy/fileid_371.flac	libritts	18.182	22050	We had two wire underground feeders, sent without any plans or specifications for their installation.
[URGENT24]fileid_372	./configs/resources/wavs_stereo/test_nonblind/noisy/fileid_372.flac	libritts	7.422	22050	"After the station had been running several months and was technically a success, we began to look after the financial part.
[URGENT24]fileid_373	./configs/resources/wavs_stereo/test_nonblind/noisy/fileid_373.flac	libritts	14.776	22050	The young girls had, indeed, made themselves small-indeed invisible.
[URGENT24]fileid_374	./configs/resources/wavs_stereo/test_nonblind/noisy/fileid_374.flac	libritts	7.137	22050	His dark shadow glided, lengthening as it disappeared, among the illumined yews and glittering undulations of the water.
[URGENT24]fileid_375	./configs/resources/wavs_stereo/test_nonblind/noisy/fileid_375.flac	libritts	11.600	22050	It is to your recommendation, I am aware, that I owe my admission among the number of Madame's maids of honor."
[URGENT24]fileid_376	./configs/resources/wavs_stereo/test_nonblind/noisy/fileid_376.flac	libritts	4.565	22050	Upon this Madame deigned to turn her eyes languishingly towards the comte, observing.
[URGENT24]fileid_377	./configs/resources/wavs_stereo/test_nonblind/noisy/fileid_377.flac	libritts	5.599	22050	"Here?" replied the king, frowning, "here?
[URGENT24]fileid_378	./configs/resources/wavs_stereo/test_nonblind/noisy/fileid_378.flac	libritts	12.933	22050	It is evident, therefore, that the present trend of the development is in the direction of heightening the utility of conspicuous consumption as compared with leisure.
[URGENT24]fileid_379	./configs/resources/wavs_stereo/test_nonblind/noisy/fileid_379.flac	libritts	16.627	22050	It is a fact of common observance that in this lower middle class there is no pretense of leisure on the part of the head of the household.
[URGENT24]fileid_380	./configs/resources/wavs_stereo/test_nonblind/noisy/fileid_380.flac	libritts	8.999	22050	But the derivative fact the vicarious leisure and consumption rendered by the wife, and the auxiliary vicarious performance of leisure by menials remains in vogue as a conventionality which the demands of reputability will not suffer to be slighted.
[URGENT24]fileid_381	./configs/resources/wavs_stereo/test_nonblind/noisy/fileid_381.flac	libritts	10.628	22050	Among the latter, everybody's affairs, especially everybody's pecuniary status, are known to everybody else.
[URGENT24]fileid_382	./configs/resources/wavs_stereo/test_nonblind/noisy/fileid_382.flac	vctk	5.592	48000	I never won a penny throughout my career.
[URGENT24]fileid_383	./configs/resources/wavs_stereo/test_nonblind/noisy/fileid_383.flac	libritts	-2.620	22050	The result is that, in order to keep up a decent appearance, the former habitually live hand to mouth to a greater extent than the latter.
[URGENT24]fileid_384	./configs/resources/wavs_stereo/test_nonblind/noisy/fileid_384.flac	libritts	17.478	22050	"I know; but that renders your uncle a most agreeable companion and gossip," declared dr Pipt.
[URGENT24]fileid_385	./configs/resources/wavs_stereo/test_nonblind/noisy/fileid_385.flac	libritts	8.760	22050	The Patchwork Girl was taller than he, when she stood upright, and her body was plump and rounded because it had been so neatly stuffed with cotton.
[URGENT24]fileid_386	./configs/resources/wavs_stereo/test_nonblind/noisy/fileid_386.flac	libritts	15.091	22050	No one saw him do this, for all were looking at the Powder of Life; but soon the woman remembered what she had been doing, and came back to the cupboard.
[URGENT24]fileid_387	./configs/resources/wavs_stereo/test_nonblind/noisy/fileid_387.flac	libritts	19.404	22050	"Yes; that's proper cat talk," declared the woman, and opened the door.
[URGENT24]fileid_388	./configs/resources/wavs_stereo/test_nonblind/noisy/fileid_388.flac	libritts	14.390	22050	At the foot of the mountain that separated the Country of the Munchkins from the Country of the Gillikins, the path divided.
[URGENT24]fileid_389	./configs/resources/wavs_stereo/test_nonblind/noisy/fileid_389.flac	libritts	10.654	22050	For a long time he had wished to explore the beautiful Land of Oz in which they lived.
[URGENT24]fileid_390	./configs/resources/wavs_stereo/test_nonblind/noisy/fileid_390.flac	libritts	9.623	22050	But in other parts of Oz the people favor different colors.
[URGENT24]fileid_391	./configs/resources/wavs_stereo/test_nonblind/noisy/fileid_391.flac	libritts	5.052	22050	Perhaps she, too, might be there, waiting, weeping.
[URGENT24]fileid_392	./configs/resources/wavs_stereo/test_nonblind/noisy/fileid_392.flac	libritts	18.230	22050	A great white foam was spread upon its brown and green; the whole field was waving and shivering in the sunlight.
[URGENT24]fileid_393	./configs/resources/wavs_stereo/test_nonblind/noisy/fileid_393.flac	libritts	-1.027	22050	mrs Grey's chef was high priced and efficient, and her butler was the envy of many; consequently, she knew the dinner would be good.
[URGENT24]fileid_394	./configs/resources/wavs_stereo/test_nonblind/noisy/fileid_394.flac	vctk	-3.607	48000	These take the shape of a long round arch, with its path high above, and its two ends apparently beyond the horizon.
[URGENT24]fileid_395	./configs/resources/wavs_stereo/test_nonblind/noisy/fileid_395.flac	libritts	4.300	22050	The retreat will go on from Wednesday to Friday.
[URGENT24]fileid_396	./configs/resources/wavs_stereo/test_nonblind/noisy/fileid_396.flac	libritts	14.761	22050	This would be an easy way of doing it, but it would not be the best way, for the reason that it is too easy to call attention to itself.
[URGENT24]fileid_397	./configs/resources/wavs_stereo/test_nonblind/noisy/fileid_397.flac	libritts	17.039	22050	You will, of course, appreciate that the unfinished sentences not only save time, but also make the manoeuvring very much more natural.
[URGENT24]fileid_398	./configs/resources/wavs_stereo/test_nonblind/noisy/fileid_398.flac	libritts	1.716	22050	In this way the whole status of images as "copies" is bound up with the analysis of memory.
[URGENT24]fileid_399	./configs/resources/wavs_stereo/test_nonblind/noisy/fileid_399.flac	libritts	1.275	22050	We have this feeling normally in places where we have often been before-at home, or in well-known streets.
[URGENT24]fileid_400	./configs/resources/wavs_stereo/test_nonblind/noisy/fileid_400.flac	libritts	7.948	22050	Memory, which we are to consider to day, introduces us to knowledge in one of its forms.
[URGENT24]fileid_401	./configs/resources/wavs_stereo/test_nonblind/noisy/fileid_401.flac	libritts	5.061	22050	We may even have used words to describe it to ourselves while it was happening; in that case, the habit of these words may fulfil the function of Bergson's true memory, while in reality it is nothing but habit memory.
[URGENT24]fileid_402	./configs/resources/wavs_stereo/test_nonblind/noisy/fileid_402.flac	libritts	10.925	22050	A further stage is RECOGNITION.
[URGENT24]fileid_403	./configs/resources/wavs_stereo/test_nonblind/noisy/fileid_403.flac	libritts	17.556	22050	I shall return to the consideration of familiarity shortly.
[URGENT24]fileid_404	./configs/resources/wavs_stereo/test_nonblind/noisy/fileid_404.flac	libritts	2.677	22050	Thus no knowledge as to the past is to be derived from the feeling of familiarity alone.
[URGENT24]fileid_405	./configs/resources/wavs_stereo/test_nonblind/noisy/fileid_405.flac	libritts	17.839	22050	I shall speak of it as "true" memory, to distinguish it from mere habit acquired through past experience.
[URGENT24]fileid_406	./configs/resources/wavs_stereo/test_nonblind/noisy/fileid_406.flac	libritts	0.768	22050	Here we have a definite influence of past experience, but not necessarily any actual knowledge of the past.
[URGENT24]fileid_407	./configs/resources/wavs_stereo/test_nonblind/noisy/fileid_407.flac	libritts	15.335	22050	I come now to the other characteristic which memory images must have in order to account for our knowledge of the past.
[URGENT24]fileid_408	./configs/resources/wavs_stereo/test_nonblind/noisy/fileid_408.flac	libritts	13.438	22050	Most people and animals find it essential to their happiness to spend a good deal of their time in familiar surroundings, which are especially comforting when any danger threatens.
[URGENT24]fileid_409	./configs/resources/wavs_stereo/test_nonblind/noisy/fileid_409.flac	libritts	6.300	22050	There was in that city a young cavalier, about two and twenty years of age, whom wealth, high birth, a wayward disposition, inordinate indulgence, and profligate companions impelled to do things which disgraced his rank.
[URGENT24]fileid_410	./configs/resources/wavs_stereo/test_nonblind/noisy/fileid_410.flac	libritts	13.487	22050	Put these playthings all away quick, and carefully, and we will not let them know any thing about your leaving them out."
[URGENT24]fileid_411	./configs/resources/wavs_stereo/test_nonblind/noisy/fileid_411.flac	libritts	17.733	22050	I would not have them know that their mothers leave their playthings about in that way for any consideration.
[URGENT24]fileid_412	./configs/resources/wavs_stereo/test_nonblind/noisy/fileid_412.flac	libritts	-1.329	22050	And his mother took him up in her lap, and he told her all his adventures, and how everybody wanted his cap.
[URGENT24]fileid_413	./configs/resources/wavs_stereo/test_nonblind/noisy/fileid_413.flac	libritts	-3.761	22050	He darted like an arrow through all the halls, down all the stairs, and across the yard.
[URGENT24]fileid_414	./configs/resources/wavs_stereo/test_nonblind/noisy/fileid_414.flac	libritts	17.873	22050	And a child who never, from the beginning, finds any efficiency in them, never learns to employ them at all.
[URGENT24]fileid_415	./configs/resources/wavs_stereo/test_nonblind/noisy/fileid_415.flac	libritts	11.350	22050	The theory of many mothers is that they must govern their children by the influence of reason and affection.
[URGENT24]fileid_416	./configs/resources/wavs_stereo/test_nonblind/noisy/fileid_416.flac	libritts	-3.134	22050	South of the apricot trees, cornering on the wheatfield, was Frank's alfalfa, where myriads of white and yellow butterflies were always fluttering above the purple blossoms.
[URGENT24]fileid_417	./configs/resources/wavs_stereo/test_nonblind/noisy/fileid_417.flac	libritts	16.791	22050	Our uneducated men work too bluntly to be ever in the right; but the Germans draw finely and resolutely wrong.
[URGENT24]fileid_418	./configs/resources/wavs_stereo/test_nonblind/noisy/fileid_418.flac	Youtube2023+	4.859	22050	I tried uh I tried to access my personal account in Google in Facebook ads and
[URGENT24]fileid_419	./configs/resources/wavs_stereo/test_nonblind/noisy/fileid_419.flac	Youtube2023+	-1.499	22050	doing our own share and our own part in this AI in this AI Revolution ution uh we sort of took our own little space in
[URGENT24]fileid_420	./configs/resources/wavs_stereo/test_nonblind/noisy/fileid_420.flac	Youtube2023+	-2.335	22050	plummeting we called it you called it three times I found three Clips in our qbi uh Corpus of videos um where we made
[URGENT24]fileid_421	./configs/resources/wavs_stereo/test_nonblind/noisy/fileid_421.flac	Youtube2023+	10.724	22050	dominate all the gpus it's happening and I think the earnings tell that Microsoft was interesting this week too and of
[URGENT24]fileid_422	./configs/resources/wavs_stereo/test_nonblind/noisy/fileid_422.flac	Youtube2023+	0.327	22050	Intel this is significant you know industry gamechanging piece I actually just listened to some of your Clips this
[URGENT24]fileid_423	./configs/resources/wavs_stereo/test_nonblind/noisy/fileid_423.flac	Youtube2023+	0.431	22050	laying off people they're delaying some Fabs um it's the same thing John and it's just it's it's you've got it's the
[URGENT24]fileid_424	./configs/resources/wavs_stereo/test_nonblind/noisy/fileid_424.flac	Youtube2023+	10.042	22050	the Google of the world VMware they went down um and then you and you know Yahoo went down but Google's still alive then Facebook now they're meta you know you
[URGENT24]fileid_425	./configs/resources/wavs_stereo/test_nonblind/noisy/fileid_425.flac	Youtube2023+	2.076	22050	when you have you know exceedingly high gross margins you know like Intel and IBM had at the time on on a on a on a
[URGENT24]fileid_426	./configs/resources/wavs_stereo/test_nonblind/noisy/fileid_426.flac	Youtube2023+	2.153	22050	like not only wrong but like significantly wrong and you can just know who they are we know who they are but here's the quotes from Pat Ginger
[URGENT24]fileid_427	./configs/resources/wavs_stereo/test_nonblind/noisy/fileid_427.flac	Youtube2023+	14.228	22050	they they got to catch the growth right and there's no growth to catch they got to get a big customer if they don't nail a customer that's going to produce the
[URGENT24]fileid_428	./configs/resources/wavs_stereo/test_nonblind/noisy/fileid_428.flac	Youtube2023+	1.656	22050	cloud and compete with with Amazon and you know he pivoted quickly off of that um and you know people might look back
[URGENT24]fileid_429	./configs/resources/wavs_stereo/test_nonblind/noisy/fileid_429.flac	Youtube2023+	13.909	22050	say smartphones they were very strong in Mobile but but mobile silicon but they missed the smartphone opportunity with apple and and now and and they were late
[URGENT24]fileid_430	./configs/resources/wavs_stereo/test_nonblind/noisy/fileid_430.flac	Youtube2023+	15.320	22050	sucking the life out of Intel and are and are hampering the ability of Intel to compete with on the design side I think
[URGENT24]fileid_431	./configs/resources/wavs_stereo/test_nonblind/noisy/fileid_431.flac	Youtube2023+	8.124	22050	GPU stockpiled so we watch Amazon again if Amazon's higher lay layer of of services their higher Services uh in the
[URGENT24]fileid_432	./configs/resources/wavs_stereo/test_nonblind/noisy/fileid_432.flac	Youtube2023+	-3.153	22050	the Machine level um and to to the Clusters they might have be a disadvantage if that becomes a programming head U Tailwind opportunity
[URGENT24]fileid_433	./configs/resources/wavs_stereo/test_nonblind/noisy/fileid_433.flac	Youtube2023+	1.484	22050	incredible I asked Charlie G and Carlo yesterday at our um at our AI leaders event because he was saying you know
[URGENT24]fileid_434	./configs/resources/wavs_stereo/test_nonblind/noisy/fileid_434.flac	Youtube2023+	5.770	22050	35% operating margin that's just blew me away it's unbelievable um what else is going on obviously we had our supercloud
[URGENT24]fileid_435	./configs/resources/wavs_stereo/test_nonblind/noisy/fileid_435.flac	Youtube2023+	11.958	22050	just real quick you know don't forget Microsoft and Google or alphabet announced last week too and I don't want to go deep into it I thought Microsoft
[URGENT24]fileid_436	./configs/resources/wavs_stereo/test_nonblind/noisy/fileid_436.flac	Youtube2023+	5.710	22050	earning season it's the companies that aren't doing well in the transition like like Intel okay AMD they've been quietly
[URGENT24]fileid_437	./configs/resources/wavs_stereo/test_nonblind/noisy/fileid_437.flac	Youtube2023+	5.532	22050	you mentioned that intelligent clouds up azure's creeping up there if you look at if you back out the SAS Revenue um it's
[URGENT24]fileid_438	./configs/resources/wavs_stereo/test_nonblind/noisy/fileid_438.flac	Youtube2023+	3.659	22050	Hardware right which meta was a big part of Microsoft too to really drive cost down create standards get to Market faster their their open- Source Playbook
[URGENT24]fileid_439	./configs/resources/wavs_stereo/test_nonblind/noisy/fileid_439.flac	Youtube2023+	15.293	22050	was awesome I'll let you summarize the data but I just can't hold back it was just like it's so it's so obvious now
[URGENT24]fileid_440	./configs/resources/wavs_stereo/test_nonblind/noisy/fileid_440.flac	Youtube2023+	14.783	22050	can hit their webcast so they were launching that like the same week as we launched our our our our supercloud 7 survey and we decided let's go after not
[URGENT24]fileid_441	./configs/resources/wavs_stereo/test_nonblind/noisy/fileid_441.flac	Youtube2023+	13.203	22050	write can you read Ali was like yeah don't worry about that and so and then you got Elian and you got calbra you've got Informatica and you've got all these
[URGENT24]fileid_442	./configs/resources/wavs_stereo/test_nonblind/noisy/fileid_442.flac	Youtube2023+	-1.572	22050	governance and then we they ETR discovered there was this what they called the Swing Vote there were like 14% of the customers said damn the
[URGENT24]fileid_443	./configs/resources/wavs_stereo/test_nonblind/noisy/fileid_443.flac	Youtube2023+	3.032	22050	and AI sanjie Mohan thinks maybe not as great as the market thinks maybe snowflakes a Little Closer
[URGENT24]fileid_444	./configs/resources/wavs_stereo/test_nonblind/noisy/fileid_444.flac	Youtube2023+	0.594	22050	Polaris uh and they're doing managed Iceberg tables uh but they're maintaining you know their governance ethos so it's to me it's going to come
[URGENT24]fileid_445	./configs/resources/wavs_stereo/test_nonblind/noisy/fileid_445.flac	Youtube2023+	11.406	22050	control is moving more toward the governance layer the source of value is moving up to the application stack to build intelligent data apps and so
[URGENT24]fileid_446	./configs/resources/wavs_stereo/test_nonblind/noisy/fileid_446.flac	Youtube2023+	9.762	22050	whole new Dynamic that's emerging and it's it's going to take three to five years to to to to to un unfold yeah it's
[URGENT24]fileid_447	./configs/resources/wavs_stereo/test_nonblind/noisy/fileid_447.flac	Youtube2023+	8.874	22050	going to continue in my view anyway to be fragmented I think that fragmentation favors a snowflake because most people
[URGENT24]fileid_448	./configs/resources/wavs_stereo/test_nonblind/noisy/fileid_448.flac	Youtube2023+	-2.678	22050	Silicon and and I it's it's not all not every one of those silicon new silicon startups is going to make it right
[URGENT24]fileid_449	./configs/resources/wavs_stereo/test_nonblind/noisy/fileid_449.flac	Youtube2023+	9.020	22050	already doing it Cuda is a big part of their chips Al they still sell chips but it's a software around it you're seeing all these other folks building ecosystems when you build
[URGENT24]fileid_450	./configs/resources/wavs_stereo/test_nonblind/noisy/fileid_450.flac	Youtube2023+	2.676	22050	software at the chip level is now going to be what I call Classic isv like meaning those developers are going to look like what we saw in the cloud precl
[URGENT24]fileid_451	./configs/resources/wavs_stereo/test_nonblind/noisy/fileid_451.flac	Youtube2023+	-4.902	22050	going to change the data and what supercloud proved was Snowflake and data bricks will be the winners clearly one
[URGENT24]fileid_452	./configs/resources/wavs_stereo/test_nonblind/noisy/fileid_452.flac	Youtube2023+	4.794	22050	different and I think Snowflake and data bricks and the cast of characters around this semantic layer horizontally scalable data with semiconductor
[URGENT24]fileid_453	./configs/resources/wavs_stereo/test_nonblind/noisy/fileid_453.flac	Youtube2023+	17.335	22050	integration is the future and nobody's there yet this is absolutely a huge opportunity again we've been tracking it
[URGENT24]fileid_454	./configs/resources/wavs_stereo/test_nonblind/noisy/fileid_454.flac	Youtube2023+	0.570	22050	20 years for companies are going to build AI intelligent applications have to have a new Foundation that's going to be the next 24 months of action that and
[URGENT24]fileid_455	./configs/resources/wavs_stereo/test_nonblind/noisy/fileid_455.flac	Youtube2023+	2.132	22050	moved to the cloud um supercloud 7 we talked about black Hat's coming next week and VMware explore is coming up so
[URGENT24]fileid_456	./configs/resources/wavs_stereo/test_nonblind/noisy/fileid_456.flac	Youtube2023+	3.813	22050	fun well Dave I know it's a short Friday because you took a red eye and uh I got to get back on the AI leaders got some
[URGENT24]fileid_457	./configs/resources/wavs_stereo/test_nonblind/noisy/fileid_457.flac	Youtube2023+	17.573	22050	silket angle cube. net check out supercloud 7 you have to register for a short while longer we're trying an experiment see people can get people in
[URGENT24]fileid_458	./configs/resources/wavs_stereo/test_nonblind/noisy/fileid_458.flac	cv11	14.601	16000	The castle is of the "motte and bailey" type.
[URGENT24]fileid_459	./configs/resources/wavs_stereo/test_nonblind/noisy/fileid_459.flac	cv11	19.689	16000	You do it.
[URGENT24]fileid_460	./configs/resources/wavs_stereo/test_nonblind/noisy/fileid_460.flac	cv11	-1.889	16000	He started his political career with the membership of Tribal Youth Federation.
[URGENT24]fileid_461	./configs/resources/wavs_stereo/test_nonblind/noisy/fileid_461.flac	cv11	0.150	16000	And the sand and gravel had been flung violently in every direction.
[URGENT24]fileid_462	./configs/resources/wavs_stereo/test_nonblind/noisy/fileid_462.flac	cv11	4.847	16000	It was first observed off of the Hawaiian Islands and Tahiti.
[URGENT24]fileid_463	./configs/resources/wavs_stereo/test_nonblind/noisy/fileid_463.flac	cv11	-2.114	16000	I thought I'd give the kids a treat.
[URGENT24]fileid_464	./configs/resources/wavs_stereo/test_nonblind/noisy/fileid_464.flac	cv11	6.970	16000	men that are not included in the line, the reserve, Militia Never mind, Farewell
[URGENT24]fileid_465	./configs/resources/wavs_stereo/test_nonblind/noisy/fileid_465.flac	cv11	14.830	16000	The mathematical details of the deformation parameters are as follows.
[URGENT24]fileid_466	./configs/resources/wavs_stereo/test_nonblind/noisy/fileid_466.flac	cv11	-4.984	16000	Now the group participates in the anti-capitalist movement and anti-war movements.
[URGENT24]fileid_467	./configs/resources/wavs_stereo/test_nonblind/noisy/fileid_467.flac	cv11	15.614	16000	Hey look, a flying pig!
[URGENT24]fileid_468	./configs/resources/wavs_stereo/test_nonblind/noisy/fileid_468.flac	cv11	4.420	16000	The first conserves the orientation and is generated by translations and rotations.
[URGENT24]fileid_469	./configs/resources/wavs_stereo/test_nonblind/noisy/fileid_469.flac	cv11	15.219	16000	Tack this picture to the wall.
[URGENT24]fileid_470	./configs/resources/wavs_stereo/test_nonblind/noisy/fileid_470.flac	cv11	19.305	16000	He was then spotted by the basketball side Dalkeith Saints and played for them.
[URGENT24]fileid_471	./configs/resources/wavs_stereo/test_nonblind/noisy/fileid_471.flac	cv11	7.577	16000	Margaret was on her knees, begging Melissa to change her mind.
[URGENT24]fileid_472	./configs/resources/wavs_stereo/test_nonblind/noisy/fileid_472.flac	Youtube2023+	0.555	44100	as Australia as well as First Nations people across the globe and today's topic is something Our Guest is very familiar with this is sustainable
[URGENT24]fileid_473	./configs/resources/wavs_stereo/test_nonblind/noisy/fileid_473.flac	cv11	0.730	16000	Is not that his character?
[URGENT24]fileid_474	./configs/resources/wavs_stereo/test_nonblind/noisy/fileid_474.flac	cv11	15.599	16000	Both launch vehicles and liquid rocket engines are being designed for reuse.
[URGENT24]fileid_475	./configs/resources/wavs_stereo/test_nonblind/noisy/fileid_475.flac	cv11	-3.516	16000	Sinkovka is the nearest rural locality.
[URGENT24]fileid_476	./configs/resources/wavs_stereo/test_nonblind/noisy/fileid_476.flac	cv11	8.222	16000	In the repechage she was eliminated from the competition by Masako Furuichi of Japan.
[URGENT24]fileid_477	./configs/resources/wavs_stereo/test_nonblind/noisy/fileid_477.flac	cv11	4.659	16000	He retired from the military soon afterwards.
[URGENT24]fileid_478	./configs/resources/wavs_stereo/test_nonblind/noisy/fileid_478.flac	cv11	17.893	16000	David Rowan and Co of Glasgow built her engines.
[URGENT24]fileid_479	./configs/resources/wavs_stereo/test_nonblind/noisy/fileid_479.flac	cv11	15.324	16000	The film marks the directorial debut of Ramesh Venkataraman.
[URGENT24]fileid_480	./configs/resources/wavs_stereo/test_nonblind/noisy/fileid_480.flac	cv11	12.949	16000	He was one of the first art historians to receive that award.
[URGENT24]fileid_481	./configs/resources/wavs_stereo/test_nonblind/noisy/fileid_481.flac	cv11	12.407	16000	He also represents the Georgia national team.
[URGENT24]fileid_482	./configs/resources/wavs_stereo/test_nonblind/noisy/fileid_482.flac	cv11	-2.466	16000	The measure was ultimately defeated.
[URGENT24]fileid_483	./configs/resources/wavs_stereo/test_nonblind/noisy/fileid_483.flac	cv11	-2.907	16000	Home teams were to provide local umpires.
[URGENT24]fileid_484	./configs/resources/wavs_stereo/test_nonblind/noisy/fileid_484.flac	cv11	12.646	16000	He then held positions at the Australian Catholic University and the University of Exeter.
[URGENT24]fileid_485	./configs/resources/wavs_stereo/test_nonblind/noisy/fileid_485.flac	cv11	11.327	16000	It featured a hen and five chicks and the coin's Irish name.
[URGENT24]fileid_486	./configs/resources/wavs_stereo/test_nonblind/noisy/fileid_486.flac	cv11	5.930	16000	At first, they produced motorcycles and a few bicycles.
[URGENT24]fileid_487	./configs/resources/wavs_stereo/test_nonblind/noisy/fileid_487.flac	Youtube2023+	12.993	44100	agriculture like why do we need it and what's kind of wrong with the ways uh
[URGENT24]fileid_488	./configs/resources/wavs_stereo/test_nonblind/noisy/fileid_488.flac	cv11	8.945	16000	Cross began her teaching career at the summer school at Rutgers University.
[URGENT24]fileid_489	./configs/resources/wavs_stereo/test_nonblind/noisy/fileid_489.flac	cv11	0.816	16000	Richards then introduced Divine Brown (who had been arrested for prostitution the prior year).
[URGENT24]fileid_490	./configs/resources/wavs_stereo/test_nonblind/noisy/fileid_490.flac	cv11	12.063	16000	Lay judges are barred from hearing court cases involving minors or drug charges.
[URGENT24]fileid_491	./configs/resources/wavs_stereo/test_nonblind/noisy/fileid_491.flac	cv11	2.306	16000	She released it with the intention of bringing "joy" and music that "feels euphoric".
[URGENT24]fileid_492	./configs/resources/wavs_stereo/test_nonblind/noisy/fileid_492.flac	cv11	7.449	16000	In response, he teaches her how to improve her technique as she leads.
[URGENT24]fileid_493	./configs/resources/wavs_stereo/test_nonblind/noisy/fileid_493.flac	cv11	4.557	16000	"From the Cradle" has prompted a wide range of critical response.
[URGENT24]fileid_494	./configs/resources/wavs_stereo/test_nonblind/noisy/fileid_494.flac	cv11	9.090	16000	It's a disaster. It's all gone pear-shaped
[URGENT24]fileid_495	./configs/resources/wavs_stereo/test_nonblind/noisy/fileid_495.flac	cv11	-1.997	16000	Risedronate is taken orally, usually weekly or monthly.
[URGENT24]fileid_496	./configs/resources/wavs_stereo/test_nonblind/noisy/fileid_496.flac	cv11	10.590	16000	She was an active suffragist, and member of the Woman Writers' Suffrage League.
[URGENT24]fileid_497	./configs/resources/wavs_stereo/test_nonblind/noisy/fileid_497.flac	cv11	-2.937	16000	The Israeli Ministry of Foreign Affairs protested the check.
[URGENT24]fileid_498	./configs/resources/wavs_stereo/test_nonblind/noisy/fileid_498.flac	cv11	0.276	16000	I think the solution is obvious.
[URGENT24]fileid_499	./configs/resources/wavs_stereo/test_nonblind/noisy/fileid_499.flac	cv11	4.347	16000	Any tribe can have the name of the bigger group or keeps its name.
[URGENT24]fileid_500	./configs/resources/wavs_stereo/test_nonblind/noisy/fileid_500.flac	cv11	15.764	16000	The termination triggered the end of the era.
[URGENT24]fileid_501	./configs/resources/wavs_stereo/test_nonblind/noisy/fileid_501.flac	cv11	19.180	16000	The Commander, Mine Forces, Atlantic was responsible for all Fleet minecraft operations.
[URGENT24]fileid_502	./configs/resources/wavs_stereo/test_nonblind/noisy/fileid_502.flac	cv11	8.921	16000	It was no more exciting than an overturned carriage or a tree blown across the road.
[URGENT24]fileid_503	./configs/resources/wavs_stereo/test_nonblind/noisy/fileid_503.flac	cv11	11.913	16000	But the Englishman was exultant.
[URGENT24]fileid_504	./configs/resources/wavs_stereo/test_nonblind/noisy/fileid_504.flac	cv11	-0.434	16000	All cats are grey in the dark.
[URGENT24]fileid_505	./configs/resources/wavs_stereo/test_nonblind/noisy/fileid_505.flac	cv11	14.818	16000	The Z provides supplemental rush hour service, operating in the peak direction.
[URGENT24]fileid_506	./configs/resources/wavs_stereo/test_nonblind/noisy/fileid_506.flac	cv11	13.895	16000	Now look what you've done!
[URGENT24]fileid_507	./configs/resources/wavs_stereo/test_nonblind/noisy/fileid_507.flac	cv11	18.480	16000	Mark the area of water with a buoy.
[URGENT24]fileid_508	./configs/resources/wavs_stereo/test_nonblind/noisy/fileid_508.flac	cv11	-4.745	16000	He graduated from Woburn High School.
[URGENT24]fileid_509	./configs/resources/wavs_stereo/test_nonblind/noisy/fileid_509.flac	cv11	1.188	16000	The program was initiated to encourage reading and increase literacy in students.
[URGENT24]fileid_510	./configs/resources/wavs_stereo/test_nonblind/noisy/fileid_510.flac	cv11	3.235	16000	This raises the question of how he made his way to the north.
[URGENT24]fileid_511	./configs/resources/wavs_stereo/test_nonblind/noisy/fileid_511.flac	cv11	-4.193	16000	A long note was sounded on a bugle, and everyone mounted up.
[URGENT24]fileid_512	./configs/resources/wavs_stereo/test_nonblind/noisy/fileid_512.flac	Youtube2023+	2.426	44100	and then I realized I have to use them more than the conventional product so I thought maybe I would use those less but
[URGENT24]fileid_513	./configs/resources/wavs_stereo/test_nonblind/noisy/fileid_513.flac	cv11	-0.098	16000	When he saw Henderson in his garden, he called over the fence and made himself understood.
[URGENT24]fileid_514	./configs/resources/wavs_stereo/test_nonblind/noisy/fileid_514.flac	cv11	4.701	16000	"Why do you want to find that sort of person?" the Arab asked.
[URGENT24]fileid_515	./configs/resources/wavs_stereo/test_nonblind/noisy/fileid_515.flac	cv11	19.205	16000	His body was interred at the North Cornwall Cemetery.
[URGENT24]fileid_516	./configs/resources/wavs_stereo/test_nonblind/noisy/fileid_516.flac	cv11	-4.510	16000	He was later admitted to the London Stock Exchange.
[URGENT24]fileid_517	./configs/resources/wavs_stereo/test_nonblind/noisy/fileid_517.flac	cv11	4.228	16000	His work appeared as well in "Blackwood's Magazine".
[URGENT24]fileid_518	./configs/resources/wavs_stereo/test_nonblind/noisy/fileid_518.flac	cv11	13.782	16000	Tarabai was another female Maratha ruler.
[URGENT24]fileid_519	./configs/resources/wavs_stereo/test_nonblind/noisy/fileid_519.flac	cv11	11.339	16000	In practice, most offences were dealt with by a fine.
[URGENT24]fileid_520	./configs/resources/wavs_stereo/test_nonblind/noisy/fileid_520.flac	cv11	15.567	16000	The series draws extensively on McNab's experiences and knowledge of Special Forces soldiering.
[URGENT24]fileid_521	./configs/resources/wavs_stereo/test_nonblind/noisy/fileid_521.flac	cv11	16.656	16000	The scientific name of the species honours the botanist Frederick Manson Bailey.
[URGENT24]fileid_522	./configs/resources/wavs_stereo/test_nonblind/noisy/fileid_522.flac	cv11	6.361	16000	We have also started contemplating the possibility of moving back to Colorado.
[URGENT24]fileid_523	./configs/resources/wavs_stereo/test_nonblind/noisy/fileid_523.flac	Youtube2023+	1.688	44100	address those challenges and and how you would see that lot Lo the distinction between or or where in the African in
[URGENT24]fileid_524	./configs/resources/wavs_stereo/test_nonblind/noisy/fileid_524.flac	cv11	6.006	16000	According to online film resource They Shoot Pictures, Don't They?
[URGENT24]fileid_525	./configs/resources/wavs_stereo/test_nonblind/noisy/fileid_525.flac	cv11	3.104	16000	The sculpture of Tamil Saivite Nayanar Sambandar is found in this temple.
[URGENT24]fileid_526	./configs/resources/wavs_stereo/test_nonblind/noisy/fileid_526.flac	cv11	6.117	16000	A guy in a black leather motorcycle suit an helmet on a silver motorcycle.
[URGENT24]fileid_527	./configs/resources/wavs_stereo/test_nonblind/noisy/fileid_527.flac	cv11	-0.066	16000	The Olney sisters retired together.
[URGENT24]fileid_528	./configs/resources/wavs_stereo/test_nonblind/noisy/fileid_528.flac	cv11	-3.527	16000	The train was damaged but no passengers were injured.
[URGENT24]fileid_529	./configs/resources/wavs_stereo/test_nonblind/noisy/fileid_529.flac	Youtube2023+	10.350	44100	plant crops and they have animals and they would either sell those crops to the community so you find that
[URGENT24]fileid_530	./configs/resources/wavs_stereo/test_nonblind/noisy/fileid_530.flac	cv11	17.690	16000	The boy stood up shakily, and looked once more at the Pyramids.
[URGENT24]fileid_531	./configs/resources/wavs_stereo/test_nonblind/noisy/fileid_531.flac	cv11	10.956	16000	Hash trees allow efficient and secure verification of the contents of large data structures.
[URGENT24]fileid_532	./configs/resources/wavs_stereo/test_nonblind/noisy/fileid_532.flac	cv11	4.273	16000	Theatre Street: The Reminiscences of Tamara Karsavina.
[URGENT24]fileid_533	./configs/resources/wavs_stereo/test_nonblind/noisy/fileid_533.flac	cv11	-2.403	16000	It sustained international campaign urging individual artists to boycott the event.
[URGENT24]fileid_534	./configs/resources/wavs_stereo/test_nonblind/noisy/fileid_534.flac	cv11	4.097	16000	What makes you think I'd answer you?
[URGENT24]fileid_535	./configs/resources/wavs_stereo/test_nonblind/noisy/fileid_535.flac	cv11	8.806	16000	Like many transmorphs, she reverts to her human form if exhausted or knocked unconscious.
[URGENT24]fileid_536	./configs/resources/wavs_stereo/test_nonblind/noisy/fileid_536.flac	cv11	18.540	16000	I can't go elsewhere, by your own account.
[URGENT24]fileid_537	./configs/resources/wavs_stereo/test_nonblind/noisy/fileid_537.flac	cv11	0.196	16000	Everyone should have the right of education.
[URGENT24]fileid_538	./configs/resources/wavs_stereo/test_nonblind/noisy/fileid_538.flac	cv11	18.446	16000	He was arrested for his revolutionary activities and imprisoned in the Butyrka prison.
[URGENT24]fileid_539	./configs/resources/wavs_stereo/test_nonblind/noisy/fileid_539.flac	cv11	-1.616	16000	When he kissed her cheek, she suddenly blushed, changing her color faster than a chameleon.
[URGENT24]fileid_540	./configs/resources/wavs_stereo/test_nonblind/noisy/fileid_540.flac	cv11	18.535	16000	He is best known for his book "An Apology for Mohammed and the Koran".
[URGENT24]fileid_541	./configs/resources/wavs_stereo/test_nonblind/noisy/fileid_541.flac	cv11	14.101	16000	When constructed, Bidwell Mansion featured modern plumbing, gas lighting and water systems.
[URGENT24]fileid_542	./configs/resources/wavs_stereo/test_nonblind/noisy/fileid_542.flac	cv11	1.406	16000	It currently survives as four sections.
[URGENT24]fileid_543	./configs/resources/wavs_stereo/test_nonblind/noisy/fileid_543.flac	cv11	11.914	16000	It covers naval conflict during the Pacific War.
[URGENT24]fileid_544	./configs/resources/wavs_stereo/test_nonblind/noisy/fileid_544.flac	cv11	-1.008	16000	A month later, he was appointed to the Legislative Council of Quebec.
[URGENT24]fileid_545	./configs/resources/wavs_stereo/test_nonblind/noisy/fileid_545.flac	cv11	6.129	16000	She learned portraiture and developed her realistic watercolour style there.
[URGENT24]fileid_546	./configs/resources/wavs_stereo/test_nonblind/noisy/fileid_546.flac	cv11	15.367	16000	Reigning World Champion Lauren Price of Great Britain won the event.
[URGENT24]fileid_547	./configs/resources/wavs_stereo/test_nonblind/noisy/fileid_547.flac	cv11	10.859	16000	The existence of such one-way functions is still an open conjecture.
[URGENT24]fileid_548	./configs/resources/wavs_stereo/test_nonblind/noisy/fileid_548.flac	cv11	12.090	16000	There's a lot more to it than meets the eye.
[URGENT24]fileid_549	./configs/resources/wavs_stereo/test_nonblind/noisy/fileid_549.flac	cv11	-4.531	16000	The clan later changed its allegiance to the Northern Court and the Ashikaga shogunate.
[URGENT24]fileid_550	./configs/resources/wavs_stereo/test_nonblind/noisy/fileid_550.flac	cv11	2.670	16000	He is currently the executive director at the Alpine Formula One team.
[URGENT24]fileid_551	./configs/resources/wavs_stereo/test_nonblind/noisy/fileid_551.flac	Youtube2023+	9.546	44100	it's dry so it helps them um improve their farming practices so those
[URGENT24]fileid_552	./configs/resources/wavs_stereo/test_nonblind/noisy/fileid_552.flac	cv11	2.180	16000	They are the backbone of Goa's agricultural industry.
[URGENT24]fileid_553	./configs/resources/wavs_stereo/test_nonblind/noisy/fileid_553.flac	cv11	-1.005	16000	A more precise definition is given in terms of differential calculus.
[URGENT24]fileid_554	./configs/resources/wavs_stereo/test_nonblind/noisy/fileid_554.flac	cv11	-3.481	16000	The scientific analysis of cartels is done by cartel theory.
[URGENT24]fileid_555	./configs/resources/wavs_stereo/test_nonblind/noisy/fileid_555.flac	cv11	17.638	16000	Peter Piper picked a peck of pickled peppers.
[URGENT24]fileid_556	./configs/resources/wavs_stereo/test_nonblind/noisy/fileid_556.flac	cv11	15.975	16000	Some organizations encourage African-Americans to abandon their slave names.
[URGENT24]fileid_557	./configs/resources/wavs_stereo/test_nonblind/noisy/fileid_557.flac	cv11	17.419	16000	The operatic soprano, Sarah Fox, was born in the village and attended Giggleswick School.
[URGENT24]fileid_558	./configs/resources/wavs_stereo/test_nonblind/noisy/fileid_558.flac	cv11	5.338	16000	The university acknowledges that it is a congressionally created corporation that serves governmental objectives.
[URGENT24]fileid_559	./configs/resources/wavs_stereo/test_nonblind/noisy/fileid_559.flac	cv11	2.063	16000	The mule trod the treadmill day and night.
[URGENT24]fileid_560	./configs/resources/wavs_stereo/test_nonblind/noisy/fileid_560.flac	cv11	18.016	16000	And so, despite the fact that he was a Roman centurion, he converted to their faith.
[URGENT24]fileid_561	./configs/resources/wavs_stereo/test_nonblind/noisy/fileid_561.flac	cv11	-1.317	16000	Lucius has been translated into Italian, Spanish and Portuguese, as Lucio.
[URGENT24]fileid_562	./configs/resources/wavs_stereo/test_nonblind/noisy/fileid_562.flac	cv11	0.849	16000	Music duo Sabesh–Murali composed the background score for the film.
[URGENT24]fileid_563	./configs/resources/wavs_stereo/test_nonblind/noisy/fileid_563.flac	cv11	10.392	16000	It is one of three species of S"tigmatomma" native to North America.
[URGENT24]fileid_564	./configs/resources/wavs_stereo/test_nonblind/noisy/fileid_564.flac	cv11	-2.835	16000	Turning off gadgets that are not in use can save a lot of energy.
[URGENT24]fileid_565	./configs/resources/wavs_stereo/test_nonblind/noisy/fileid_565.flac	cv11	-2.543	16000	The ring announcer was Joel Gertner.
[URGENT24]fileid_566	./configs/resources/wavs_stereo/test_nonblind/noisy/fileid_566.flac	cv11	14.467	16000	The National Development Plan included plans for a motorway from Dublin to Waterford.
[URGENT24]fileid_567	./configs/resources/wavs_stereo/test_nonblind/noisy/fileid_567.flac	cv11	6.771	16000	They mounted their horses, and rode out in the direction of the Pyramids of Egypt.
[URGENT24]fileid_568	./configs/resources/wavs_stereo/test_nonblind/noisy/fileid_568.flac	cv11	-1.852	16000	He remained quite unknown until the Moscow Olympic Games.
[URGENT24]fileid_569	./configs/resources/wavs_stereo/test_nonblind/noisy/fileid_569.flac	cv11	3.148	16000	Then he took from his knapsack a bottle of wine, and drank some.
[URGENT24]fileid_570	./configs/resources/wavs_stereo/test_nonblind/noisy/fileid_570.flac	cv11	1.459	16000	What is the weather in Brazil during the summer?
[URGENT24]fileid_571	./configs/resources/wavs_stereo/test_nonblind/noisy/fileid_571.flac	cv11	5.345	16000	He also teaches Cantonese cuisines he learned as an apprentice in Guangdong.
[URGENT24]fileid_572	./configs/resources/wavs_stereo/test_nonblind/noisy/fileid_572.flac	cv11	12.628	16000	Vasilevskiy was awarded the Conn Smythe Trophy as most valuable player during the playoffs.
[URGENT24]fileid_573	./configs/resources/wavs_stereo/test_nonblind/noisy/fileid_573.flac	cv11	11.414	16000	It is drained by the Schuylkill River which forms its natural western boundary.
[URGENT24]fileid_574	./configs/resources/wavs_stereo/test_nonblind/noisy/fileid_574.flac	cv11	-1.109	16000	It was classified as Tropical Depression One.
[URGENT24]fileid_575	./configs/resources/wavs_stereo/test_nonblind/noisy/fileid_575.flac	cv11	0.157	16000	They locked themselves in their laboratories, and tried to evolve, as gold had.
[URGENT24]fileid_576	./configs/resources/wavs_stereo/test_nonblind/noisy/fileid_576.flac	cv11	0.630	16000	Koga then decapitated Morita as part of Morita's own "seppuku".
[URGENT24]fileid_577	./configs/resources/wavs_stereo/test_nonblind/noisy/fileid_577.flac	cv11	1.784	16000	The consequence was years of war between the Cheyennes and the United States.
[URGENT24]fileid_578	./configs/resources/wavs_stereo/test_nonblind/noisy/fileid_578.flac	cv11	1.826	16000	Alchemy is a serious discipline.
[URGENT24]fileid_579	./configs/resources/wavs_stereo/test_nonblind/noisy/fileid_579.flac	cv11	14.477	16000	The latter was thus demonstrated to be an autoreceptor on cells that release dopamine.
[URGENT24]fileid_580	./configs/resources/wavs_stereo/test_nonblind/noisy/fileid_580.flac	cv11	17.438	16000	Caroline would also be responsible for marketing services when required.
[URGENT24]fileid_581	./configs/resources/wavs_stereo/test_nonblind/noisy/fileid_581.flac	Youtube2023+	12.968	44100	crops or you know way of farming that uh promotes uh more sustainable agriculture
[URGENT24]fileid_582	./configs/resources/wavs_stereo/test_nonblind/noisy/fileid_582.flac	cv11	11.003	16000	Superficially, most of the stories may be told as jokes.
[URGENT24]fileid_583	./configs/resources/wavs_stereo/test_nonblind/noisy/fileid_583.flac	cv11	0.456	16000	My friend invited me to an event featuring Black designers and artists.
[URGENT24]fileid_584	./configs/resources/wavs_stereo/test_nonblind/noisy/fileid_584.flac	cv11	17.840	16000	Afterwards, Clijsters managed the professional tennis career of his daughter Kim.
[URGENT24]fileid_585	./configs/resources/wavs_stereo/test_nonblind/noisy/fileid_585.flac	cv11	-1.460	16000	The horizon was tinged with red, and suddenly the sun appeared.
[URGENT24]fileid_586	./configs/resources/wavs_stereo/test_nonblind/noisy/fileid_586.flac	cv11	-0.198	16000	Then how do I know this is your office?
[URGENT24]fileid_587	./configs/resources/wavs_stereo/test_nonblind/noisy/fileid_587.flac	cv11	4.655	16000	Then suddenly, they kneel and die.
[URGENT24]fileid_588	./configs/resources/wavs_stereo/test_nonblind/noisy/fileid_588.flac	cv11	8.729	16000	I got two giant bug bites on my right leg from last night, and they hurt!
[URGENT24]fileid_589	./configs/resources/wavs_stereo/test_nonblind/noisy/fileid_589.flac	Youtube2023+	18.113	44100	fertilizer or water use you know for it to grow and it does have many uses including to supplement plastic you know bags you know it can be a plastic use as
[URGENT24]fileid_590	./configs/resources/wavs_stereo/test_nonblind/noisy/fileid_590.flac	libritts	15.960	16000	of the Earth features travel to the earth's core.
[URGENT24]fileid_591	./configs/resources/wavs_stereo/test_nonblind/noisy/fileid_591.flac	libritts	-3.120	16000	These observations partly apply here.
[URGENT24]fileid_592	./configs/resources/wavs_stereo/test_nonblind/noisy/fileid_592.flac	libritts	18.509	16000	thirty seven degrees centigrade equals human body temperature
[URGENT24]fileid_593	./configs/resources/wavs_stereo/test_nonblind/noisy/fileid_593.flac	libritts	19.944	16000	one hundred degrees centigrade equals boiling water
[URGENT24]fileid_594	./configs/resources/wavs_stereo/test_nonblind/noisy/fileid_594.flac	libritts	14.479	16000	- CENTIMETER Roughly two fifths of an inch
[URGENT24]fileid_595	./configs/resources/wavs_stereo/test_nonblind/noisy/fileid_595.flac	libritts	18.370	16000	Because, as that Time cover story suggests, we still haven't caught up with Verne.
[URGENT24]fileid_596	./configs/resources/wavs_stereo/test_nonblind/noisy/fileid_596.flac	libritts	11.174	16000	Even in our era of satellite dishes and video games, the seas keep their secrets.
[URGENT24]fileid_597	./configs/resources/wavs_stereo/test_nonblind/noisy/fileid_597.flac	libritts	-0.730	16000	And in this last action he falls into the classic sin of Pride.
[URGENT24]fileid_598	./configs/resources/wavs_stereo/test_nonblind/noisy/fileid_598.flac	libritts	1.324	16000	- KILOMETER Roughly six tenths of a mile
[URGENT24]fileid_599	./configs/resources/wavs_stereo/test_nonblind/noisy/fileid_599.flac	libritts	1.327	16000	LEAGUE In Verne's context, two point one six miles
[URGENT24]fileid_600	./configs/resources/wavs_stereo/test_nonblind/noisy/fileid_600.flac	libritts	16.041	16000	Initially, Verne's narrative was influenced by the eighteen sixty three uprising of Poland against Tsarist Russia.
[URGENT24]fileid_601	./configs/resources/wavs_stereo/test_nonblind/noisy/fileid_601.flac	libritts	-1.695	16000	Yet this loose structure gives the novel an air of documentary realism.
[URGENT24]fileid_602	./configs/resources/wavs_stereo/test_nonblind/noisy/fileid_602.flac	libritts	8.781	16000	For the past ten years, Conseil had gone with me wherever science beckoned.
[URGENT24]fileid_603	./configs/resources/wavs_stereo/test_nonblind/noisy/fileid_603.flac	libritts	2.178	16000	But now nothing could hold me back. I forgot everything else, and without another thought of exhaustion, friends, or collections, I accepted the American government's offer.
[URGENT24]fileid_604	./configs/resources/wavs_stereo/test_nonblind/noisy/fileid_604.flac	libritts	5.561	16000	Anyhow, we'll leave instructions to ship the whole menagerie to France."
[URGENT24]fileid_605	./configs/resources/wavs_stereo/test_nonblind/noisy/fileid_605.flac	libritts	8.217	16000	"Besides," I mused, "all roads lead home to Europe, and our unicorn may be gracious enough to take me toward the coast of France!
[URGENT24]fileid_606	./configs/resources/wavs_stereo/test_nonblind/noisy/fileid_606.flac	libritts	8.019	16000	"What about master's collections?" Conseil ventured to observe.
[URGENT24]fileid_607	./configs/resources/wavs_stereo/test_nonblind/noisy/fileid_607.flac	libritts	13.999	16000	Lincoln until it reached the waters of the Hudson River, at the tip of the long peninsula that forms New York City.
[URGENT24]fileid_608	./configs/resources/wavs_stereo/test_nonblind/noisy/fileid_608.flac	libritts	-4.398	16000	It was a high-speed frigate furnished with superheating equipment that allowed the tension of its steam to build to seven atmospheres.
[URGENT24]fileid_609	./configs/resources/wavs_stereo/test_nonblind/noisy/fileid_609.flac	libritts	3.737	16000	There was good reason to stop and think, even for the world's most emotionless man. What would Conseil say?
[URGENT24]fileid_610	./configs/resources/wavs_stereo/test_nonblind/noisy/fileid_610.flac	libritts	15.205	16000	A quarter of an hour later, our trunks were ready.
[URGENT24]fileid_611	./configs/resources/wavs_stereo/test_nonblind/noisy/fileid_611.flac	libritts	10.061	16000	He was a fanatic on formality, and he only addressed me in the third person-to the point where it got tiresome.
[URGENT24]fileid_612	./configs/resources/wavs_stereo/test_nonblind/noisy/fileid_612.flac	libritts	16.424	16000	We're going to rid the seas of it! The author of a two volume work, in quarto, on The Mysteries of the Great Ocean Depths has no excuse for not setting sail with Commander Farragut.
[URGENT24]fileid_613	./configs/resources/wavs_stereo/test_nonblind/noisy/fileid_613.flac	libritts	16.566	16000	At this order, which was relayed to the engine by means of a compressed air device, the mechanics activated the start-up wheel. Steam rushed whistling into the gaping valves.
[URGENT24]fileid_614	./configs/resources/wavs_stereo/test_nonblind/noisy/fileid_614.flac	libritts	16.825	16000	I bowed, and letting the commander attend to getting under way, I was taken to the cabin that had been set aside for me.
[URGENT24]fileid_615	./configs/resources/wavs_stereo/test_nonblind/noisy/fileid_615.flac	libritts	15.591	16000	Get my things ready, get yours ready. We're departing in two hours."
[URGENT24]fileid_616	./configs/resources/wavs_stereo/test_nonblind/noisy/fileid_616.flac	libritts	15.151	16000	It is well known that use strengthens the muscles in the individual, and complete disuse, or the destruction of the proper nerve, weakens them. When the eye is destroyed, the optic nerve often becomes atrophied.
[URGENT24]fileid_617	./configs/resources/wavs_stereo/test_nonblind/noisy/fileid_617.flac	libritts	8.941	16000	When an artery is tied, the lateral channels increase not only in diameter, but in the thickness and strength of their coats.
[URGENT24]fileid_618	./configs/resources/wavs_stereo/test_nonblind/noisy/fileid_618.flac	libritts	-4.735	16000	Nevertheless, these men, if seen alive, would undoubtedly appear very distinct, so that we are clearly much influenced in our judgment by the mere colour of the skin and hair, by slight differences in the features, and by expression.
[URGENT24]fileid_619	./configs/resources/wavs_stereo/test_nonblind/noisy/fileid_619.flac	libritts	5.700	16000	Their mental characteristics are likewise very distinct; chiefly as it would appear in their emotional, but partly in their intellectual faculties.
[URGENT24]fileid_620	./configs/resources/wavs_stereo/test_nonblind/noisy/fileid_620.flac	libritts	13.867	16000	Now let us apply these generally admitted principles to the races of man, viewing him in the same spirit as a naturalist would any other animal.
[URGENT24]fileid_621	./configs/resources/wavs_stereo/test_nonblind/noisy/fileid_621.flac	libritts	19.128	16000	The races differ also in constitution, in acclimatisation and in liability to certain diseases.
[URGENT24]fileid_622	./configs/resources/wavs_stereo/test_nonblind/noisy/fileid_622.flac	libritts	-3.019	16000	They give also corroborative evidence; but c Vogt thinks that the subject requires further investigation.), that the human skulls found in the caves of Brazil, entombed with many extinct mammals, belonged to the same type as that now prevailing throughout the American Continent.
[URGENT24]fileid_623	./configs/resources/wavs_stereo/test_nonblind/noisy/fileid_623.flac	libritts	4.363	16000	The degrees of sterility do not coincide strictly with the degrees of difference between the parents in external structure or habits of life.
[URGENT24]fileid_624	./configs/resources/wavs_stereo/test_nonblind/noisy/fileid_624.flac	libritts	0.338	16000	They pointedly drew back from john Jago as he approached the empty chair next to me and moved round to the opposite side of the table.
[URGENT24]fileid_625	./configs/resources/wavs_stereo/test_nonblind/noisy/fileid_625.flac	libritts	-2.906	16000	I followed the groom up to my room, not over well pleased with my first experience of the farm.
[URGENT24]fileid_626	./configs/resources/wavs_stereo/test_nonblind/noisy/fileid_626.flac	libritts	-4.031	16000	Our first impressions of people are, in nine cases out of ten, the right impressions.
[URGENT24]fileid_627	./configs/resources/wavs_stereo/test_nonblind/noisy/fileid_627.flac	libritts	-4.150	16000	I liked Naomi Colebrook at first sight; liked her pleasant smile; liked her hearty shake of the hand when we were presented to each other.
[URGENT24]fileid_628	./configs/resources/wavs_stereo/test_nonblind/noisy/fileid_628.flac	libritts	14.863	16000	He is not well; he has come over the ocean for rest, and change of scene.
[URGENT24]fileid_629	./configs/resources/wavs_stereo/test_nonblind/noisy/fileid_629.flac	libritts	0.839	16000	My room was clean-oppressively clean.
[URGENT24]fileid_630	./configs/resources/wavs_stereo/test_nonblind/noisy/fileid_630.flac	libritts	19.062	16000	But there was no marked character in either face.
[URGENT24]fileid_631	./configs/resources/wavs_stereo/test_nonblind/noisy/fileid_631.flac	libritts	1.628	16000	He shall not leave you day or night, whether you are working or playing or sleeping.
[URGENT24]fileid_632	./configs/resources/wavs_stereo/test_nonblind/noisy/fileid_632.flac	libritts	5.906	16000	'Here comes something that will be a welcome guest to my stomach.'
[URGENT24]fileid_633	./configs/resources/wavs_stereo/test_nonblind/noisy/fileid_633.flac	libritts	17.978	16000	We went to it, and I struck it with my spear.
[URGENT24]fileid_634	./configs/resources/wavs_stereo/test_nonblind/noisy/fileid_634.flac	libritts	2.926	16000	Leif and Grim shall be the same kind of friends to your two sons.'
[URGENT24]fileid_635	./configs/resources/wavs_stereo/test_nonblind/noisy/fileid_635.flac	libritts	16.027	16000	"The door opened only a little, but I pushed it wide and leaped into the room.
[URGENT24]fileid_636	./configs/resources/wavs_stereo/test_nonblind/noisy/fileid_636.flac	libritts	3.561	16000	There were benches for twenty men along each side.
[URGENT24]fileid_637	./configs/resources/wavs_stereo/test_nonblind/noisy/fileid_637.flac	libritts	14.743	16000	"The night that it was finished I went to my father's feast.
[URGENT24]fileid_638	./configs/resources/wavs_stereo/test_nonblind/noisy/fileid_638.flac	libritts	13.230	16000	"'Well, friend farmer,' laughed one, 'why such a long face?
[URGENT24]fileid_639	./configs/resources/wavs_stereo/test_nonblind/noisy/fileid_639.flac	Youtube2023+	12.955	44100	that so the food system is what gets affected say the bees are not there and that's something we hear and I think there was like an in famous Einstein quote around it as well uh that maybe
[URGENT24]fileid_640	./configs/resources/wavs_stereo/test_nonblind/noisy/fileid_640.flac	Youtube2023+	-1.458	44100	because they build DS on Rivers so they change the course of the rivers which create lakes in the rivers that is a
[URGENT24]fileid_641	./configs/resources/wavs_stereo/test_nonblind/noisy/fileid_641.flac	Youtube2023+	6.275	44100	change or mitigating climate change when there's enough um Plankton around when you've got the smaller species of fish not being predated on by the larger
[URGENT24]fileid_642	./configs/resources/wavs_stereo/test_nonblind/noisy/fileid_642.flac	Youtube2023+	0.588	44100	moral angle we usually do not look at right we often don't consider yeah the the responsibility of you know the power
[URGENT24]fileid_643	./configs/resources/wavs_stereo/test_nonblind/noisy/fileid_643.flac	Youtube2023+	6.812	44100	for a while due to certain uh realities that Eastern Europe was living under but um now that is a real threat so that
[URGENT24]fileid_644	./configs/resources/wavs_stereo/test_nonblind/noisy/fileid_644.flac	Youtube2023+	9.433	44100	this mainstream system it will be a dangerous thing to use silence because we will use the evidence based system
[URGENT24]fileid_645	./configs/resources/wavs_stereo/test_nonblind/noisy/fileid_645.flac	Youtube2023+	13.116	44100	the little we can do to change but never stop trying it yeah yeah that's great words uh to never stop trying Mike
[URGENT24]fileid_646	./configs/resources/wavs_stereo/test_nonblind/noisy/fileid_646.flac	Youtube2023+	11.498	44100	The rate of death increases exponentially for age-related diseases, such as heart disease, cancer, stroke, dementia.
[URGENT24]fileid_647	./configs/resources/wavs_stereo/test_nonblind/noisy/fileid_647.flac	Youtube2023+	16.156	44100	Imagine if there were an intervention that didn’t just reduce your risk of the leading killers, but also arthritis, osteoporosis,
[URGENT24]fileid_648	./configs/resources/wavs_stereo/test_nonblind/noisy/fileid_648.flac	Youtube2023+	14.923	44100	all of which I have hyperlinked for you online to access all the original sources. So, you can download the studies
[URGENT24]fileid_649	./configs/resources/wavs_stereo/test_nonblind/noisy/fileid_649.flac	Youtube2023+	9.510	44100	As one review put it, “The janitor is the undercover boss.”
[URGENT24]fileid_650	./configs/resources/wavs_stereo/test_nonblind/noisy/fileid_650.flac	Youtube2023+	15.941	44100	The largest life expectancy gain would be made by eating more legumes— in other words, more beans, split peas, chickpeas, and lentils.
[URGENT24]fileid_651	./configs/resources/wavs_stereo/test_nonblind/noisy/fileid_651.flac	Youtube2023+	15.711	44100	And it doesn’t take much. The NIH-AARP study is the largest forward-looking study on diet and health in history.
[URGENT24]fileid_652	./configs/resources/wavs_stereo/test_nonblind/noisy/fileid_652.flac	vctk	4.245	48000	When a man looks for something beyond his reach, his friends say he is looking for the pot of gold at the end of the rainbow.
[URGENT24]fileid_653	./configs/resources/wavs_stereo/test_nonblind/noisy/fileid_653.flac	Youtube2023+	3.597	44100	What do the likes of the Salt Institute have to say about public health recommendations to reduce sodium intake?
[URGENT24]fileid_654	./configs/resources/wavs_stereo/test_nonblind/noisy/fileid_654.flac	Youtube2023+	17.224	44100	you’re not doing your body any favors. Same with the risk of cognitive impairment. Only healthy plant foods reduce risk.
[URGENT24]fileid_655	./configs/resources/wavs_stereo/test_nonblind/noisy/fileid_655.flac	Youtube2023+	11.932	44100	As a physician, terms like vegetarian or vegan just tell me what you don’t eat. I mean, do you actually eat vegetables?
[URGENT24]fileid_656	./configs/resources/wavs_stereo/test_nonblind/noisy/fileid_656.flac	Youtube2023+	9.253	44100	in particular, leading to metabolic issues. For mercury, it’s more about brain health.
[URGENT24]fileid_657	./configs/resources/wavs_stereo/test_nonblind/noisy/fileid_657.flac	Youtube2023+	6.005	44100	significantly more than just like drinking sugar water, and you get a surge of fat in your bloodstream that you don’t get drinking “dealcoholized red wine”
[URGENT24]fileid_658	./configs/resources/wavs_stereo/test_nonblind/noisy/fileid_658.flac	Youtube2023+	-2.878	44100	that may be breaking most of our bones— which is good news, because there’s something we can do something about it. Seven randomized controlled trials
[URGENT24]fileid_659	./configs/resources/wavs_stereo/test_nonblind/noisy/fileid_659.flac	Youtube2023+	16.264	44100	Flaxseeds were also directly compared to the prescription laxative lactulose and worked better as well.
[URGENT24]fileid_660	./configs/resources/wavs_stereo/test_nonblind/noisy/fileid_660.flac	Youtube2023+	14.840	44100	This may be due to their greater consumption of soy foods, but you don’t really know until you put it to the test.
[URGENT24]fileid_661	./configs/resources/wavs_stereo/test_nonblind/noisy/fileid_661.flac	Youtube2023+	0.539	44100	can beat out placebo for joint pain. Researchers conclude ginger, "therefore,
[URGENT24]fileid_662	./configs/resources/wavs_stereo/test_nonblind/noisy/fileid_662.flac	Youtube2023+	2.472	44100	Or even simpler, plants, plants, and more plants. Any plants in particular?
[URGENT24]fileid_663	./configs/resources/wavs_stereo/test_nonblind/noisy/fileid_663.flac	Youtube2023+	15.151	44100	Anything else to maintain muscle mass other than greens and machines? How about cocoa beans!
[URGENT24]fileid_664	./configs/resources/wavs_stereo/test_nonblind/noisy/fileid_664.flac	Youtube2023+	9.581	44100	all by making your life a little more chocolatey, by just adding some natural cocoa powder to your daily diet.
[URGENT24]fileid_665	./configs/resources/wavs_stereo/test_nonblind/noisy/fileid_665.flac	Youtube2023+	-0.138	44100	to even the barest of minimums, the barest of minimums.
[URGENT24]fileid_666	./configs/resources/wavs_stereo/test_nonblind/noisy/fileid_666.flac	Youtube2023+	-4.522	44100	we've quite hit that Mark yet but but uh without further Ado Larry ammo or Larry Cilla how you doing how you doing I'm
[URGENT24]fileid_667	./configs/resources/wavs_stereo/test_nonblind/noisy/fileid_667.flac	Youtube2023+	19.930	44100	cars but the challenge is really um the bending over obviously but when I got the new studio to put a lift in there
[URGENT24]fileid_668	./configs/resources/wavs_stereo/test_nonblind/noisy/fileid_668.flac	Youtube2023+	5.817	44100	of it um for this training Amo Training Academy 300 series this this training series that we have for people about being professional and like how they you
[URGENT24]fileid_669	./configs/resources/wavs_stereo/test_nonblind/noisy/fileid_669.flac	Youtube2023+	14.321	44100	or two and he you know did whatever like science thing that he did and he's like this is like being a wide receiver and
[URGENT24]fileid_670	./configs/resources/wavs_stereo/test_nonblind/noisy/fileid_670.flac	Youtube2023+	10.083	44100	a fortune my job was to reconcile all the money that he made or lost in a in a day and so it was stressful but you know
[URGENT24]fileid_671	./configs/resources/wavs_stereo/test_nonblind/noisy/fileid_671.flac	Youtube2023+	-0.168	44100	Road and track Etc and so him and I have known each other for 35 years and he got a job or this um sort of opportunity he
[URGENT24]fileid_672	./configs/resources/wavs_stereo/test_nonblind/noisy/fileid_672.flac	Youtube2023+	11.092	44100	business in the uh detailing business and then he got this opportunity to go on this thing YouTube It's isn't crazy
[URGENT24]fileid_673	./configs/resources/wavs_stereo/test_nonblind/noisy/fileid_673.flac	Youtube2023+	-1.138	44100	24 hours a day I've done two podcasts already today and an intro to another video so I uh I said to Matt I know this
[URGENT24]fileid_674	./configs/resources/wavs_stereo/test_nonblind/noisy/fileid_674.flac	Youtube2023+	7.100	44100	three or four years into not being famous but kind of being famous and he had like multiple shows on this drive Channel which was due to YouTube basically what happened is when YouTube
[URGENT24]fileid_675	./configs/resources/wavs_stereo/test_nonblind/noisy/fileid_675.flac	Youtube2023+	-4.322	44100	came out we did there was videos and you know YouTube was all about how to uh in the beginning and I if you want I can
[URGENT24]fileid_676	./configs/resources/wavs_stereo/test_nonblind/noisy/fileid_676.flac	Youtube2023+	18.899	44100	whatever it is right you do that it's La it lasts forever it's Evergreen and so they kept seeing the tick go up or
[URGENT24]fileid_677	./configs/resources/wavs_stereo/test_nonblind/noisy/fileid_677.flac	Youtube2023+	15.525	44100	word to it it was so important at that point and so if you went back and you looked at my videos because the videos stayed like this we had a retention rate
[URGENT24]fileid_678	./configs/resources/wavs_stereo/test_nonblind/noisy/fileid_678.flac	Youtube2023+	15.144	44100	crazy because I I I hate making a customer or anyone actually forget about the customer just a person unhappy I
[URGENT24]fileid_679	./configs/resources/wavs_stereo/test_nonblind/noisy/fileid_679.flac	Youtube2023+	0.074	44100	if somebody thinks that I can help them with whatever it is and this not important thing which is detailing it's
[URGENT24]fileid_680	./configs/resources/wavs_stereo/test_nonblind/noisy/fileid_680.flac	Youtube2023+	7.644	44100	reporters afterwards were like what are you doing why would you do that he was like there's a kid out there who's never been to a game who loves Mickey Mantle who came to see me play and I would die
[URGENT24]fileid_681	./configs/resources/wavs_stereo/test_nonblind/noisy/fileid_681.flac	Youtube2023+	2.808	44100	going like oh wow this is like an original 1923 Model T decent shape and I was like all right
[URGENT24]fileid_682	./configs/resources/wavs_stereo/test_nonblind/noisy/fileid_682.flac	Youtube2023+	-0.598	44100	problem and I call it a shower moment um do the dishes I'll clean the bathroom like whatever I need my back of my brain
[URGENT24]fileid_683	./configs/resources/wavs_stereo/test_nonblind/noisy/fileid_683.flac	Youtube2023+	14.428	44100	that's cool oh this is so great I'm the one guy and then when I shot these videos like a gajillion people when they come up to me to to this day still say
[URGENT24]fileid_684	./configs/resources/wavs_stereo/test_nonblind/noisy/fileid_684.flac	Youtube2023+	-4.815	44100	like hey this almost to the point where I'm like you feel like I'm exaggerating like you changed my life one you know
[URGENT24]fileid_685	./configs/resources/wavs_stereo/test_nonblind/noisy/fileid_685.flac	Youtube2023+	0.180	44100	have all these things and I'm like now I'm starting to think like okay maybe this is more than just because you
[URGENT24]fileid_686	./configs/resources/wavs_stereo/test_nonblind/noisy/fileid_686.flac	Youtube2023+	7.328	44100	it without spending three hours on it and so to have that start to be
[URGENT24]fileid_687	./configs/resources/wavs_stereo/test_nonblind/noisy/fileid_687.flac	Youtube2023+	-4.300	44100	living and all that and they're beautiful it's just a at this point doing so many it can sometimes be unless
[URGENT24]fileid_688	./configs/resources/wavs_stereo/test_nonblind/noisy/fileid_688.flac	Youtube2023+	15.989	44100	care what it is if he has that I'm down and so so at being at the you know in this business for that this long I I'm
[URGENT24]fileid_689	./configs/resources/wavs_stereo/test_nonblind/noisy/fileid_689.flac	Youtube2023+	13.449	44100	it was fast it was comfortable I think if you were driving around town totally cool but I have to go you know
[URGENT24]fileid_690	./configs/resources/wavs_stereo/test_nonblind/noisy/fileid_690.flac	Youtube2023+	2.314	44100	happy and I'm happy for him so why am I saying that I'm saying that because I went everybody last they're like you
[URGENT24]fileid_691	./configs/resources/wavs_stereo/test_nonblind/noisy/fileid_691.flac	Youtube2023+	-2.644	44100	just knock that out there um so yeah um the truth is we have a a big project and it's kind of funny I I don't mind um
[URGENT24]fileid_692	./configs/resources/wavs_stereo/test_nonblind/noisy/fileid_692.flac	Youtube2023+	1.721	44100	have to create something that's unique and different and so I think I think I I believe it's going to be amazing I think
[URGENT24]fileid_693	./configs/resources/wavs_stereo/test_nonblind/noisy/fileid_693.flac	Youtube2023+	-2.317	44100	car and I I do this when I'm doing um like detailing talks for like you know Porsche Club America or whatever like super crazy guys and I say pretend I
[URGENT24]fileid_694	./configs/resources/wavs_stereo/test_nonblind/noisy/fileid_694.flac	Youtube2023+	16.264	44100	a dude like oh let's make it so I'm like um okay this isn't just like a job it's like I could be like ruing like a book
[URGENT24]fileid_695	./configs/resources/wavs_stereo/test_nonblind/noisy/fileid_695.flac	vctk	7.533	48000	To the Hebrews it was a token that there would be no more universal floods.
[URGENT24]fileid_696	./configs/resources/wavs_stereo/test_nonblind/noisy/fileid_696.flac	Youtube2023+	8.528	44100	finish the process and so that once I came out with that it just exploded and people are like oh my god I didn't even realize so that is by
[URGENT24]fileid_697	./configs/resources/wavs_stereo/test_nonblind/noisy/fileid_697.flac	Youtube2023+	12.047	44100	evaporates um the volatility is at a certain rate that you know it evaporates at a certain time um and you can use it
[URGENT24]fileid_698	./configs/resources/wavs_stereo/test_nonblind/noisy/fileid_698.flac	Youtube2023+	10.871	44100	also free the at300 is about how to build a business profitably and basically going through my entire career and talking everything about lawyers and
[URGENT24]fileid_699	./configs/resources/wavs_stereo/test_nonblind/noisy/fileid_699.flac	Youtube2023+	15.569	44100	that's a courtesy right that's about friendship and that's not about letting people know we kept around 150. we lived a life of discipline my guest guys is
[URGENT24]fileid_700	./configs/resources/wavs_stereo/test_nonblind/noisy/fileid_700.flac	Youtube2023+	4.499	44100	moved to LA kinda ghosted you we were then I don't I more think he just had other things to do he didn't live he was a
[URGENT24]fileid_701	./configs/resources/wavs_stereo/test_nonblind/noisy/fileid_701.flac	Youtube2023+	1.528	44100	yeah I'm not here to a sale sure no I mean I I am now in his position I started later I have a I have a wife I
[URGENT24]fileid_702	./configs/resources/wavs_stereo/test_nonblind/noisy/fileid_702.flac	Youtube2023+	13.727	44100	longer um and and then my senior year I got on the Improv trip and it was uh I loved it
[URGENT24]fileid_703	./configs/resources/wavs_stereo/test_nonblind/noisy/fileid_703.flac	Youtube2023+	8.306	44100	very nice job and it was going on they shot all the hosts together in one room and they were so
[URGENT24]fileid_704	./configs/resources/wavs_stereo/test_nonblind/noisy/fileid_704.flac	Youtube2023+	-4.953	44100	parents have been so you know supportive uh you know I mean College was you know
[URGENT24]fileid_705	./configs/resources/wavs_stereo/test_nonblind/noisy/fileid_705.flac	Youtube2023+	-0.713	44100	time they supported me financially but that was a huge amount of money for them back then and then they were incredibly
[URGENT24]fileid_706	./configs/resources/wavs_stereo/test_nonblind/noisy/fileid_706.flac	Youtube2023+	9.083	44100	sudden comedy was noble and a lot of parents all of a sudden there was a generation of parents who grew up on SNL
[URGENT24]fileid_707	./configs/resources/wavs_stereo/test_nonblind/noisy/fileid_707.flac	Youtube2023+	11.496	44100	and getting ripped off by big Wireless providers if we've learned anything it's that there's always a catch so when I first heard that mint mobile offers
[URGENT24]fileid_708	./configs/resources/wavs_stereo/test_nonblind/noisy/fileid_708.flac	Youtube2023+	13.990	44100	Neil cut your wireless bill to 15 bucks a month at mintmobile.com Neil Ryan I appreciate you giving me
[URGENT24]fileid_709	./configs/resources/wavs_stereo/test_nonblind/noisy/fileid_709.flac	Youtube2023+	16.986	44100	the thing that I'm not proud of they would attest not that I was better they would attest if you asked them in a lie
[URGENT24]fileid_710	./configs/resources/wavs_stereo/test_nonblind/noisy/fileid_710.flac	Youtube2023+	8.988	44100	gone to an SNL and they saw you before the show and you
[URGENT24]fileid_711	./configs/resources/wavs_stereo/test_nonblind/noisy/fileid_711.flac	Youtube2023+	-4.832	44100	surprise people I ran into very little malice uh at my time at SNL and yet
[URGENT24]fileid_712	./configs/resources/wavs_stereo/test_nonblind/noisy/fileid_712.flac	Youtube2023+	4.650	44100	also there Axel's five being impossible and I'm I'm getting into it with Axel
[URGENT24]fileid_713	./configs/resources/wavs_stereo/test_nonblind/noisy/fileid_713.flac	Youtube2023+	10.417	44100	they think it's funny you I think it's positive don't it's so funny because that thing is my dad does have a temper I definitely learned it from him it was
[URGENT24]fileid_714	./configs/resources/wavs_stereo/test_nonblind/noisy/fileid_714.flac	Youtube2023+	-1.748	44100	there are times you gotta get people in the car agreed and
[URGENT24]fileid_715	./configs/resources/wavs_stereo/test_nonblind/noisy/fileid_715.flac	Youtube2023+	2.106	44100	like when I was 10 like little girls could solve the Middle East like you know what I mean but I like when I was 10
[URGENT24]fileid_716	./configs/resources/wavs_stereo/test_nonblind/noisy/fileid_716.flac	Youtube2023+	3.445	44100	um wait a six-year-old we were at a party she must I want to start for the podcast Audience by saying she must have heard this from someone but this is something
[URGENT24]fileid_717	./configs/resources/wavs_stereo/test_nonblind/noisy/fileid_717.flac	Youtube2023+	-1.961	44100	Memorial Day party and in the beginning it was all sort of five six seven-year-olds and then the teenager showed up and went in and it was
[URGENT24]fileid_718	./configs/resources/wavs_stereo/test_nonblind/noisy/fileid_718.flac	Youtube2023+	14.392	44100	overlap with what either of them has that just oh so now you know it spent that whole summer
[URGENT24]fileid_719	./configs/resources/wavs_stereo/test_nonblind/noisy/fileid_719.flac	Youtube2023+	3.848	44100	who had been a writer he joins the cast a little bit if my timeline's right a little bit after Bill and Andy or maybe at the same time but over there
[URGENT24]fileid_720	./configs/resources/wavs_stereo/test_nonblind/noisy/fileid_720.flac	Youtube2023+	7.249	44100	and I just sit down and I don't feel like I am self-hating I like the things I'm good at but I would write sketches
[URGENT24]fileid_721	./configs/resources/wavs_stereo/test_nonblind/noisy/fileid_721.flac	Youtube2023+	0.920	44100	Weekend Update Samberg gift of gifts said you should do something called really because that is the Cadence
[URGENT24]fileid_722	./configs/resources/wavs_stereo/test_nonblind/noisy/fileid_722.flac	Youtube2023+	0.401	44100	but I said no basically they wanted as I recall they wanted you to sign a contract saying I'll audition for Weekend Update and if
[URGENT24]fileid_723	./configs/resources/wavs_stereo/test_nonblind/noisy/fileid_723.flac	Youtube2023+	-0.915	44100	disaster but I did think hey no you I I get it I have not been uh the best at
[URGENT24]fileid_724	./configs/resources/wavs_stereo/test_nonblind/noisy/fileid_724.flac	Youtube2023+	14.976	44100	is there one they weren't dying for you to host update I think there was you know some people thought I'd be better
[URGENT24]fileid_725	./configs/resources/wavs_stereo/test_nonblind/noisy/fileid_725.flac	Youtube2023+	3.068	44100	turning it's also really good for last minute tickets you don't have to worry about you know I see I'm doing a I'm
[URGENT24]fileid_726	./configs/resources/wavs_stereo/test_nonblind/noisy/fileid_726.flac	Youtube2023+	12.862	44100	you're [&nbsp;__&nbsp;] Martin Short of course you don't and he's like and then you realize like oh I we have to manage
[URGENT24]fileid_727	./configs/resources/wavs_stereo/test_nonblind/noisy/fileid_727.flac	Youtube2023+	3.162	44100	what we do in public because we'll look stupid if we can't do it oh yeah right like Martin Short is smart enough to
[URGENT24]fileid_728	./configs/resources/wavs_stereo/test_nonblind/noisy/fileid_728.flac	Youtube2023+	-0.556	44100	there's so few people you're one of them Shoemaker is one of them who know exactly what certain things meant to me
[URGENT24]fileid_729	./configs/resources/wavs_stereo/test_nonblind/noisy/fileid_729.flac	Youtube2023+	-4.396	44100	no fault to my parent right like I all I had had all the conversations with you in the
[URGENT24]fileid_730	./configs/resources/wavs_stereo/test_nonblind/noisy/fileid_730.flac	Youtube2023+	-4.721	44100	photos from popular sketches on the wall at SNL and there were like six of them where I was just a guy while someone was crushing I was a guy sitting on a couch
[URGENT24]fileid_731	./configs/resources/wavs_stereo/test_nonblind/noisy/fileid_731.flac	Youtube2023+	8.276	44100	wait what yeah uh another great good Alex bass made me a a doormat that said I'm gonna stop you right there because
[URGENT24]fileid_732	./configs/resources/wavs_stereo/test_nonblind/noisy/fileid_732.flac	Youtube2023+	6.650	44100	you'll they start on Monday uh you have a corresponds dinner base with a key player there yep you were there yep no I
[URGENT24]fileid_733	./configs/resources/wavs_stereo/test_nonblind/noisy/fileid_733.flac	Youtube2023+	-4.475	44100	and you wrote uh I can see Russia from my house you wrote like the you wrote a lot of famous sketches and that's just
[URGENT24]fileid_734	./configs/resources/wavs_stereo/test_nonblind/noisy/fileid_734.flac	Youtube2023+	14.045	44100	honesty with yourself yeah and it does help too if you can genuinely
[URGENT24]fileid_735	./configs/resources/wavs_stereo/test_nonblind/noisy/fileid_735.flac	Youtube2023+	9.289	44100	find out what you know gets picked what doesn't and it hadn't gotten picked and so I went to shoemaker's office and I
[URGENT24]fileid_736	./configs/resources/wavs_stereo/test_nonblind/noisy/fileid_736.flac	Youtube2023+	2.920	44100	such good company and again you just give them room to be themselves and then enjoy the show right if you
[URGENT24]fileid_737	./configs/resources/wavs_stereo/test_nonblind/noisy/fileid_737.flac	Youtube2023+	0.763	44100	so sustainable more than any sort of professional success or or any I don't know interaction you have with
[URGENT24]fileid_738	./configs/resources/wavs_stereo/test_nonblind/noisy/fileid_738.flac	Youtube2023+	-3.359	44100	it's a great Mother's Day present which is I over the course of a year lingerie
[URGENT24]fileid_739	./configs/resources/wavs_stereo/test_nonblind/noisy/fileid_739.flac	Youtube2023+	19.685	44100	self-preservation to think that and I think there's uh uh so uh but at the same time I realized like I you know
[URGENT24]fileid_740	./configs/resources/wavs_stereo/test_nonblind/noisy/fileid_740.flac	Youtube2023+	19.653	44100	and it [&nbsp;__&nbsp;] crushed and you still don't know why I my understanding is uh there's only one
[URGENT24]fileid_741	./configs/resources/wavs_stereo/test_nonblind/noisy/fileid_741.flac	Youtube2023+	-0.126	44100	definitely resonate with that Aran you know Adel kind of mentioned that there's opportunities to improve are there any
[URGENT24]fileid_742	./configs/resources/wavs_stereo/test_nonblind/noisy/fileid_742.flac	Youtube2023+	9.675	44100	for instance uh let's say like inent response that deals with you know reviewing certain things and going into
[URGENT24]fileid_743	./configs/resources/wavs_stereo/test_nonblind/noisy/fileid_743.flac	Youtube2023+	1.828	44100	at least for newer Commerce to the higher ed and actually any Workforce um it's kind of just monitoring burnout um
[URGENT24]fileid_744	./configs/resources/wavs_stereo/test_nonblind/noisy/fileid_744.flac	Youtube2023+	1.436	44100	least I experienced when I started just because there's so much to learn uh you might get fatigued real quick uh so I
[URGENT24]fileid_745	./configs/resources/wavs_stereo/test_nonblind/noisy/fileid_745.flac	Youtube2023+	18.489	44100	lot of opportunity for internships and that Hands-On kind of thing um during that for professional development so I
[URGENT24]fileid_746	./configs/resources/wavs_stereo/test_nonblind/noisy/fileid_746.flac	Youtube2023+	19.148	44100	challenge us but don't forget to support us also and so yeah absolutely so you
[URGENT24]fileid_747	./configs/resources/wavs_stereo/test_nonblind/noisy/fileid_747.flac	Youtube2023+	6.270	44100	learn learn as much as you can um but also be able to to find things that suit what your
[URGENT24]fileid_748	./configs/resources/wavs_stereo/test_nonblind/noisy/fileid_748.flac	Youtube2023+	15.394	44100	one key takeaway message or lesson that you would like to leave our audience with Aran I'll start with
[URGENT24]fileid_749	./configs/resources/wavs_stereo/test_nonblind/noisy/fileid_749.flac	Youtube2023+	6.369	44100	intuitive she was my cranial sacral massage therapist and she said you know you need to learn animal communication
[URGENT24]fileid_750	./configs/resources/wavs_stereo/test_nonblind/noisy/fileid_750.flac	Youtube2023+	-2.662	44100	different language but anyway but I can feel too so and I can also do sometimes I will smell which has a different word
[URGENT24]fileid_751	./configs/resources/wavs_stereo/test_nonblind/noisy/fileid_751.flac	Youtube2023+	4.810	44100	the soul level lesson so we hear from your animal what what Behavior they're using to get your attention what the lesson is that they're teaching you and
[URGENT24]fileid_752	./configs/resources/wavs_stereo/test_nonblind/noisy/fileid_752.flac	Youtube2023+	-3.369	44100	we are just so busy as a culture that and we feel like the animal okay yeah if
[URGENT24]fileid_753	./configs/resources/wavs_stereo/test_nonblind/noisy/fileid_753.flac	Youtube2023+	-0.931	44100	that transition I understand you also offer grief counseling um and a grief support group for people have lost their
[URGENT24]fileid_754	./configs/resources/wavs_stereo/test_nonblind/noisy/fileid_754.flac	Youtube2023+	-4.916	44100	sessions are a lot like this lowlevel animal communic ation sessions however the animal actually would like to have a little more freedom and space to be able
[URGENT24]fileid_755	./configs/resources/wavs_stereo/test_nonblind/noisy/fileid_755.flac	Youtube2023+	-0.698	44100	you will with all of them but I do know that they do have them and work the same way as ours work for ours for their
[URGENT24]fileid_756	./configs/resources/wavs_stereo/test_nonblind/noisy/fileid_756.flac	Youtube2023+	7.366	44100	instead of talking to just to a dog like the one my feet I can talk to the larger dog Soul which would speak for all dogs
[URGENT24]fileid_757	./configs/resources/wavs_stereo/test_nonblind/noisy/fileid_757.flac	Youtube2023+	2.853	44100	into camera so I know what she looks like but she does feel like she has a bit of um there's a even though she's
[URGENT24]fileid_758	./configs/resources/wavs_stereo/test_nonblind/noisy/fileid_758.flac	Youtube2023+	-3.582	44100	three months old and I had older dogs and you know they they try to show their dominance and that little puppy beat the
[URGENT24]fileid_759	./configs/resources/wavs_stereo/test_nonblind/noisy/fileid_759.flac	Youtube2023+	5.976	44100	her say I hear Daisy say I'm the main teacher of the puppy and what I say goes
[URGENT24]fileid_760	./configs/resources/wavs_stereo/test_nonblind/noisy/fileid_760.flac	Youtube2023+	-3.803	44100	attacks her at times and I have to separate them and I'm worried because she's hiding so much that I don't want
[URGENT24]fileid_761	./configs/resources/wavs_stereo/test_nonblind/noisy/fileid_761.flac	Youtube2023+	8.454	44100	little downtime a little quiet time a little alone time does that Mak sense to you yes yeah she loves like first thing
[URGENT24]fileid_762	./configs/resources/wavs_stereo/test_nonblind/noisy/fileid_762.flac	Youtube2023+	10.281	44100	knowing you know what our pets are thinking and I think it would bring a lot of other people Comfort to also hear
[URGENT24]fileid_763	./configs/resources/wavs_stereo/test_nonblind/noisy/fileid_763.flac	Youtube2023+	9.302	44100	those links in the description below along with her YouTube channel and her other social media accounts as well as the animal communication podcast where Julie is a co-host so be sure to check
[URGENT24]fileid_764	./configs/resources/wavs_stereo/test_nonblind/noisy/fileid_764.flac	cv11	17.033	32000	Still waters run deep.
[URGENT24]fileid_765	./configs/resources/wavs_stereo/test_nonblind/noisy/fileid_765.flac	cv11	11.564	32000	You cannot eat the cake and have it To.
[URGENT24]fileid_766	./configs/resources/wavs_stereo/test_nonblind/noisy/fileid_766.flac	cv11	-4.454	32000	Peace be unto you and grace before the Lord.
[URGENT24]fileid_767	./configs/resources/wavs_stereo/test_nonblind/noisy/fileid_767.flac	cv11	-4.297	32000	One of them, Ashur-nadin-apli, would succeed him on the throne.
[URGENT24]fileid_768	./configs/resources/wavs_stereo/test_nonblind/noisy/fileid_768.flac	cv11	0.685	32000	There was a full moon, and the boy told the Englishman the story of his life.
[URGENT24]fileid_769	./configs/resources/wavs_stereo/test_nonblind/noisy/fileid_769.flac	cv11	16.328	32000	She likes you.
[URGENT24]fileid_770	./configs/resources/wavs_stereo/test_nonblind/noisy/fileid_770.flac	cv11	-4.627	32000	He responded by closing down the "New Zealand Herald and Auckland Gazette".
[URGENT24]fileid_771	./configs/resources/wavs_stereo/test_nonblind/noisy/fileid_771.flac	cv11	16.025	32000	A friend's frown is better than a fool's smile.
[URGENT24]fileid_772	./configs/resources/wavs_stereo/test_nonblind/noisy/fileid_772.flac	cv11	18.857	32000	Help the weak to preserve their strength.
[URGENT24]fileid_773	./configs/resources/wavs_stereo/test_nonblind/noisy/fileid_773.flac	cv11	2.404	32000	My office is located on level fifteen.
[URGENT24]fileid_774	./configs/resources/wavs_stereo/test_nonblind/noisy/fileid_774.flac	cv11	-2.845	32000	There is also a saying: "One must rise at the tree where one fell".
[URGENT24]fileid_775	./configs/resources/wavs_stereo/test_nonblind/noisy/fileid_775.flac	cv11	4.184	32000	Man is the head but woman turns it.
[URGENT24]fileid_776	./configs/resources/wavs_stereo/test_nonblind/noisy/fileid_776.flac	cv11	16.625	32000	It is located just south of the Guinea border.
[URGENT24]fileid_777	./configs/resources/wavs_stereo/test_nonblind/noisy/fileid_777.flac	cv11	14.070	32000	"Go and speak to the tribal chieftains," said the camel driver.
[URGENT24]fileid_778	./configs/resources/wavs_stereo/test_nonblind/noisy/fileid_778.flac	cv11	3.540	32000	The proportions were all wrong.
[URGENT24]fileid_779	./configs/resources/wavs_stereo/test_nonblind/noisy/fileid_779.flac	cv11	6.734	32000	A sight for sore eyes.
[URGENT24]fileid_780	./configs/resources/wavs_stereo/test_nonblind/noisy/fileid_780.flac	cv11	9.266	32000	You have been a real blessing to me.
[URGENT24]fileid_781	./configs/resources/wavs_stereo/test_nonblind/noisy/fileid_781.flac	cv11	12.054	32000	Only the lights in the great tent remained.
[URGENT24]fileid_782	./configs/resources/wavs_stereo/test_nonblind/noisy/fileid_782.flac	cv11	-1.697	32000	And ask for a glass of wine for me.
[URGENT24]fileid_783	./configs/resources/wavs_stereo/test_nonblind/noisy/fileid_783.flac	cv11	5.987	32000	There is a counter on the top left of the web page.
[URGENT24]fileid_784	./configs/resources/wavs_stereo/test_nonblind/noisy/fileid_784.flac	cv11	12.743	32000	School is cancelled due to the fifty-foot dinosaur ravaging the area.
[URGENT24]fileid_785	./configs/resources/wavs_stereo/test_nonblind/noisy/fileid_785.flac	cv11	4.764	32000	Add salt before you fry the egg.
[URGENT24]fileid_786	./configs/resources/wavs_stereo/test_nonblind/noisy/fileid_786.flac	cv11	9.021	32000	Do you know if Dylan is going to go with us?
[URGENT24]fileid_787	./configs/resources/wavs_stereo/test_nonblind/noisy/fileid_787.flac	cv11	-0.751	32000	"This can't be stressed enough: I am innocent!", he cried desperately.
[URGENT24]fileid_788	./configs/resources/wavs_stereo/test_nonblind/noisy/fileid_788.flac	vctk	-3.642	48000	Since then physicists have found that it is not reflection, but refraction by the raindrops which causes the rainbows.
[URGENT24]fileid_789	./configs/resources/wavs_stereo/test_nonblind/noisy/fileid_789.flac	cv11	18.122	32000	All that time the Martians must have been getting ready.
[URGENT24]fileid_790	./configs/resources/wavs_stereo/test_nonblind/noisy/fileid_790.flac	cv11	15.157	32000	The two events, less trade and no more gold mines, forced the mint to close.
[URGENT24]fileid_791	./configs/resources/wavs_stereo/test_nonblind/noisy/fileid_791.flac	cv11	16.222	32000	I'd hoped they'd be back soon, but now I'm really starting to worry.
[URGENT24]fileid_792	./configs/resources/wavs_stereo/test_nonblind/noisy/fileid_792.flac	cv11	11.032	32000	The dishes were made only according to French recipes.
[URGENT24]fileid_793	./configs/resources/wavs_stereo/test_nonblind/noisy/fileid_793.flac	cv11	7.344	32000	Samonte which was followed by a role in Super Twins.
[URGENT24]fileid_794	./configs/resources/wavs_stereo/test_nonblind/noisy/fileid_794.flac	cv11	5.157	32000	He bought some tinfoil to build a hat.
[URGENT24]fileid_795	./configs/resources/wavs_stereo/test_nonblind/noisy/fileid_795.flac	cv11	0.179	32000	I wonder can you realise all that that means?
[URGENT24]fileid_796	./configs/resources/wavs_stereo/test_nonblind/noisy/fileid_796.flac	cv11	3.040	32000	All residence halls are coed, with the exception of female-only Woodworth Complex.
[URGENT24]fileid_797	./configs/resources/wavs_stereo/test_nonblind/noisy/fileid_797.flac	cv11	8.291	32000	Is it actually unusual for a planet that its axis is tilted?
[URGENT24]fileid_798	./configs/resources/wavs_stereo/test_nonblind/noisy/fileid_798.flac	cv11	1.898	32000	He may desire to escape pain, or to enjoy pleasure.
[URGENT24]fileid_799	./configs/resources/wavs_stereo/test_nonblind/noisy/fileid_799.flac	cv11	-0.712	32000	Fake news has recently become an area of great public concern
[URGENT24]fileid_800	./configs/resources/wavs_stereo/test_nonblind/noisy/fileid_800.flac	cv11	12.185	32000	The boy knew the desert sensed his fear.
[URGENT24]fileid_801	./configs/resources/wavs_stereo/test_nonblind/noisy/fileid_801.flac	cv11	-0.497	32000	Estonia has become an increasingly strong supporter of deepening European integration.
[URGENT24]fileid_802	./configs/resources/wavs_stereo/test_nonblind/noisy/fileid_802.flac	cv11	-4.620	32000	Add the tune to my chill hits playlist.
[URGENT24]fileid_803	./configs/resources/wavs_stereo/test_nonblind/noisy/fileid_803.flac	cv11	1.831	32000	I'll tell you what.
[URGENT24]fileid_804	./configs/resources/wavs_stereo/test_nonblind/noisy/fileid_804.flac	cv11	9.414	32000	Arms, coat of arms.
[URGENT24]fileid_805	./configs/resources/wavs_stereo/test_nonblind/noisy/fileid_805.flac	cv11	7.710	32000	When the judge spoke the death sentence, the defendant showed no emotion.
[URGENT24]fileid_806	./configs/resources/wavs_stereo/test_nonblind/noisy/fileid_806.flac	cv11	-3.995	32000	He started his career as a lawyer working at several record companies.
[URGENT24]fileid_807	./configs/resources/wavs_stereo/test_nonblind/noisy/fileid_807.flac	cv11	14.991	32000	"Be careful with your prognostications," said the stranger.
[URGENT24]fileid_808	./configs/resources/wavs_stereo/test_nonblind/noisy/fileid_808.flac	cv11	1.227	32000	She is currently performing in Twelfth Night at the Tricycle Theatre.
[URGENT24]fileid_809	./configs/resources/wavs_stereo/test_nonblind/noisy/fileid_809.flac	cv11	-0.901	32000	This highly influential argument eschewed justification as a necessary requirement for knowledge.
[URGENT24]fileid_810	./configs/resources/wavs_stereo/test_nonblind/noisy/fileid_810.flac	cv11	17.232	32000	Several women in cloaks walk through a tiled building
[URGENT24]fileid_811	./configs/resources/wavs_stereo/test_nonblind/noisy/fileid_811.flac	cv11	13.549	32000	The union described that time period as brutal.
[URGENT24]fileid_812	./configs/resources/wavs_stereo/test_nonblind/noisy/fileid_812.flac	cv11	5.961	32000	Both parties also exchanged hostages.
[URGENT24]fileid_813	./configs/resources/wavs_stereo/test_nonblind/noisy/fileid_813.flac	cv11	1.078	32000	The area has a rather seedy reputation, mainly due to prostitution.
[URGENT24]fileid_814	./configs/resources/wavs_stereo/test_nonblind/noisy/fileid_814.flac	cv11	0.759	32000	The boy felt ill and terribly alone.
[URGENT24]fileid_815	./configs/resources/wavs_stereo/test_nonblind/noisy/fileid_815.flac	cv11	17.233	32000	Many different classes of statistical tests have been considered in the literature.
[URGENT24]fileid_816	./configs/resources/wavs_stereo/test_nonblind/noisy/fileid_816.flac	cv11	3.096	32000	Similar to other Protestant churches, the inside walls are painted white.
[URGENT24]fileid_817	./configs/resources/wavs_stereo/test_nonblind/noisy/fileid_817.flac	cv11	-1.780	32000	Other tracks from their last album "Starcity" were featured in "Sex and the City".
[URGENT24]fileid_818	./configs/resources/wavs_stereo/test_nonblind/noisy/fileid_818.flac	cv11	19.240	32000	He knew the skill of the great young actress.
[URGENT24]fileid_819	./configs/resources/wavs_stereo/test_nonblind/noisy/fileid_819.flac	cv11	19.668	32000	His soul must be too primitive to understand those things, he thought.
[URGENT24]fileid_820	./configs/resources/wavs_stereo/test_nonblind/noisy/fileid_820.flac	cv11	-3.455	32000	Are you running a business or a charity ward?
[URGENT24]fileid_821	./configs/resources/wavs_stereo/test_nonblind/noisy/fileid_821.flac	cv11	18.724	32000	It's all right if you want to smoke your cigar now.
[URGENT24]fileid_822	./configs/resources/wavs_stereo/test_nonblind/noisy/fileid_822.flac	cv11	3.145	32000	add Chin-Up Buttercup to punk playlist
[URGENT24]fileid_823	./configs/resources/wavs_stereo/test_nonblind/noisy/fileid_823.flac	cv11	9.868	32000	So I simply structure my list around my motivations and situations.
[URGENT24]fileid_824	./configs/resources/wavs_stereo/test_nonblind/noisy/fileid_824.flac	cv11	13.557	32000	When playing, children often just reenact what they experienced before.
[URGENT24]fileid_825	./configs/resources/wavs_stereo/test_nonblind/noisy/fileid_825.flac	cv11	6.666	32000	Humphries, a man from Cobden, was a well-known proponent of Mussie's existence.
[URGENT24]fileid_826	./configs/resources/wavs_stereo/test_nonblind/noisy/fileid_826.flac	cv11	9.112	32000	Seems you don't know as much about us as you thought.
[URGENT24]fileid_827	./configs/resources/wavs_stereo/test_nonblind/noisy/fileid_827.flac	cv11	18.212	32000	Camps was educated at Marlborough College, followed by a medical degree at Guy's Hospital.
[URGENT24]fileid_828	./configs/resources/wavs_stereo/test_nonblind/noisy/fileid_828.flac	cv11	-2.305	32000	The Englishman had several suitcases filled with books.
[URGENT24]fileid_829	./configs/resources/wavs_stereo/test_nonblind/noisy/fileid_829.flac	cv11	1.095	32000	Heraldic matters in the Republic of Ireland are handled by the Genealogical Office.
[URGENT24]fileid_830	./configs/resources/wavs_stereo/test_nonblind/noisy/fileid_830.flac	Youtube2023+	-2.215	32000	YouTube Facebook or twitch stream this is recorded live there's no edits here this is as it is so if you want the edited version that takes out some of
[URGENT24]fileid_831	./configs/resources/wavs_stereo/test_nonblind/noisy/fileid_831.flac	Youtube2023+	7.209	32000	number 981 recorded on Wednesday August 7th 2024 will science take us from tropes to
[URGENT24]fileid_832	./configs/resources/wavs_stereo/test_nonblind/noisy/fileid_832.flac	Youtube2023+	19.502	32000	hopes in on this oate
[URGENT24]fileid_833	./configs/resources/wavs_stereo/test_nonblind/noisy/fileid_833.flac	Youtube2023+	2.815	32000	extra underwear sort of ready but in the stocked up on greenhouse gases melting ice pack plenty of SE rise extra heat
[URGENT24]fileid_834	./configs/resources/wavs_stereo/test_nonblind/noisy/fileid_834.flac	Youtube2023+	8.148	32000	practice moves I was like I don't know should I be doing this to compliment them what what is the move that
[URGENT24]fileid_835	./configs/resources/wavs_stereo/test_nonblind/noisy/fileid_835.flac	Youtube2023+	12.401	32000	Corner oh I have thick leaves I have horse guts and what was the other one oh yeah sea lion
[URGENT24]fileid_836	./configs/resources/wavs_stereo/test_nonblind/noisy/fileid_836.flac	Youtube2023+	10.088	32000	where you can find show notes and links to all sorts of things that we discuss in the show but let's talk about some of
[URGENT24]fileid_837	./configs/resources/wavs_stereo/test_nonblind/noisy/fileid_837.flac	Youtube2023+	6.483	32000	creatures that people think have no feelings and just want to take advantage of us always actors of parasites that
[URGENT24]fileid_838	./configs/resources/wavs_stereo/test_nonblind/noisy/fileid_838.flac	Youtube2023+	15.775	32000	studied cats suffering from grief when they had uh cats that were exposed to situations in
[URGENT24]fileid_839	./configs/resources/wavs_stereo/test_nonblind/noisy/fileid_839.flac	Youtube2023+	-1.684	32000	I sit on the couch not eating until it wastes away after my death just there will be grieving I
[URGENT24]fileid_840	./configs/resources/wavs_stereo/test_nonblind/noisy/fileid_840.flac	Youtube2023+	-3.409	32000	of new of zoology Stockholm Sweden uh has actually challenged this notion that
[URGENT24]fileid_841	./configs/resources/wavs_stereo/test_nonblind/noisy/fileid_841.flac	Youtube2023+	-4.589	32000	domestication is the driver of reduced brain sized and domesticated animals dog specifically but by doing a comparative philogenetic
[URGENT24]fileid_842	./configs/resources/wavs_stereo/test_nonblind/noisy/fileid_842.flac	Youtube2023+	1.858	32000	analysis they looked at a whole bunch of different caned species and while it was kind of thought that domestication
[URGENT24]fileid_843	./configs/resources/wavs_stereo/test_nonblind/noisy/fileid_843.flac	Youtube2023+	-0.221	32000	disappointing well speaking of hunting we're all hunting hunting for that magic Silver Bullet the single Universal
[URGENT24]fileid_844	./configs/resources/wavs_stereo/test_nonblind/noisy/fileid_844.flac	Youtube2023+	12.055	32000	vaccine the thing that's going to keep us from getting whatever muuk is going around Corona virus it's
[URGENT24]fileid_845	./configs/resources/wavs_stereo/test_nonblind/noisy/fileid_845.flac	Youtube2023+	-3.476	32000	University of Houston published in nature Communications researchers have come up with the cup of
[URGENT24]fileid_846	./configs/resources/wavs_stereo/test_nonblind/noisy/fileid_846.flac	Youtube2023+	19.156	32000	what they call Nano sting a nasal spray it's an immune activator controlling infection against all sorts of
[URGENT24]fileid_847	./configs/resources/wavs_stereo/test_nonblind/noisy/fileid_847.flac	Youtube2023+	10.313	32000	uh Greenland this suggests that very likely the entire ice cap had melted away uh and again
[URGENT24]fileid_848	./configs/resources/wavs_stereo/test_nonblind/noisy/fileid_848.flac	Youtube2023+	12.393	32000	away from Greenland it's actually going to have a lot less weight pressing down on that land and the buoyancy of tectonic plates
[URGENT24]fileid_849	./configs/resources/wavs_stereo/test_nonblind/noisy/fileid_849.flac	Youtube2023+	8.507	32000	world's population lives near a coast and most of those coasts if they're experiencing more than seven me seven
[URGENT24]fileid_850	./configs/resources/wavs_stereo/test_nonblind/noisy/fileid_850.flac	Youtube2023+	14.388	32000	two meters let alone seven or more than seven uh might everybody need to move what that means but we're we're not
[URGENT24]fileid_851	./configs/resources/wavs_stereo/test_nonblind/noisy/fileid_851.flac	Youtube2023+	16.172	32000	talking but again this is this is the long distant future this this won't happen uh very quickly this will happen
[URGENT24]fileid_852	./configs/resources/wavs_stereo/test_nonblind/noisy/fileid_852.flac	Youtube2023+	-4.224	32000	astronauts oh yeah no yeah they're still stranded well they're not stranded according to NASA they are just having
[URGENT24]fileid_853	./configs/resources/wavs_stereo/test_nonblind/noisy/fileid_853.flac	Youtube2023+	12.987	32000	seats they're taking for another six-month mission well at least they have had the experience in space so far to be trained
[URGENT24]fileid_854	./configs/resources/wavs_stereo/test_nonblind/noisy/fileid_854.flac	Youtube2023+	-2.079	32000	are the leaves thicker when they're under street lights they don't know there's a lot of ideas uh it's from the Chinese Academy of Sciences this this research but the prevailing theory is
[URGENT24]fileid_855	./configs/resources/wavs_stereo/test_nonblind/noisy/fileid_855.flac	Youtube2023+	5.343	32000	eat them and of course that is a huge problem for the food chain that's a problem for all of these bugs that's a problem for the animals that eat these
[URGENT24]fileid_856	./configs/resources/wavs_stereo/test_nonblind/noisy/fileid_856.flac	Youtube2023+	16.193	32000	like the soccer fields that nobody's using okay those are the notes this is This Week In Science I do hope that you are
[URGENT24]fileid_857	./configs/resources/wavs_stereo/test_nonblind/noisy/fileid_857.flac	Youtube2023+	4.516	32000	bit more insight into how you view some of these climate issues and things like the circular economy and also um light
[URGENT24]fileid_858	./configs/resources/wavs_stereo/test_nonblind/noisy/fileid_858.flac	Youtube2023+	-3.293	32000	the atmosphere that's where you live it goes from the ground to about six miles up and or for our European rest of the
[URGENT24]fileid_859	./configs/resources/wavs_stereo/test_nonblind/noisy/fileid_859.flac	Youtube2023+	12.582	32000	Rhode Island and so yes Justin when you were making jokes about moving to Colorado or Coloradoan who maybe don't
[URGENT24]fileid_860	./configs/resources/wavs_stereo/test_nonblind/noisy/fileid_860.flac	Youtube2023+	2.308	32000	aware of breathing by by smoke in the bathrooms in high school and so when we think about all how all this comes together and the
[URGENT24]fileid_861	./configs/resources/wavs_stereo/test_nonblind/noisy/fileid_861.flac	Youtube2023+	17.738	32000	Skies over places like here in Portland Oregon are getting hazy because of big fires that are happening British Columbia Oregon all over the Pacific
[URGENT24]fileid_862	./configs/resources/wavs_stereo/test_nonblind/noisy/fileid_862.flac	Youtube2023+	-3.301	32000	not recently experienced that so so you living in Portland right you're you've experienced Wildfire smoke living people living in California have experienced this but as these fires are getting
[URGENT24]fileid_863	./configs/resources/wavs_stereo/test_nonblind/noisy/fileid_863.flac	Youtube2023+	1.311	32000	with uh Public Health impacts of uh particular matter and and not necessarily just Wildfire smoke um can
[URGENT24]fileid_864	./configs/resources/wavs_stereo/test_nonblind/noisy/fileid_864.flac	Youtube2023+	12.199	32000	quality is pretty decent that's a pretty good emergency kit kind of thing to have it won't fix all of the air in the house but uh that was it was so brutal uh the
[URGENT24]fileid_865	./configs/resources/wavs_stereo/test_nonblind/noisy/fileid_865.flac	Youtube2023+	3.994	32000	column and so um what you have is a lot of carbon monoxide a lot of carbon dioxide and on many other um what we
[URGENT24]fileid_866	./configs/resources/wavs_stereo/test_nonblind/noisy/fileid_866.flac	Youtube2023+	9.054	32000	to me gut bacteria impacts the performance of racehorses which the main reason I brought it is also because
[URGENT24]fileid_867	./configs/resources/wavs_stereo/test_nonblind/noisy/fileid_867.flac	Youtube2023+	9.571	32000	horses right and so they then they analyze the respiratory gastro intestinal orthopedic and soft tissue health
[URGENT24]fileid_868	./configs/resources/wavs_stereo/test_nonblind/noisy/fileid_868.flac	vctk	13.596	48000	The actual primary rainbow observed is said to be the effect of super-imposition of a number of bows.
[URGENT24]fileid_869	./configs/resources/wavs_stereo/test_nonblind/noisy/fileid_869.flac	Youtube2023+	15.083	32000	and the over the the leading theory has been Homo erectus
[URGENT24]fileid_870	./configs/resources/wavs_stereo/test_nonblind/noisy/fileid_870.flac	Youtube2023+	19.436	32000	based on large data sets of language modeling a linguistic space for
[URGENT24]fileid_871	./configs/resources/wavs_stereo/test_nonblind/noisy/fileid_871.flac	Youtube2023+	2.785	32000	actually be either in the earbud or probably in your phone uh or in your car and uh the data that they recorded across a number of
[URGENT24]fileid_872	./configs/resources/wavs_stereo/test_nonblind/noisy/fileid_872.flac	Youtube2023+	11.878	32000	you have also Charlie where they'll be gone for a while and then miraculously they'll reappear and come back and they think they've been on well
[URGENT24]fileid_873	./configs/resources/wavs_stereo/test_nonblind/noisy/fileid_873.flac	Youtube2023+	-3.193	32000	going ham like that bro that is that is just amazing dog right like that is amazing that he even did that for three
[URGENT24]fileid_874	./configs/resources/wavs_stereo/test_nonblind/noisy/fileid_874.flac	vctk	15.023	48000	Six spoons of fresh snow peas, five thick slabs of blue cheese, and maybe a snack for her brother Bob.
[URGENT24]fileid_875	./configs/resources/wavs_stereo/test_nonblind/noisy/fileid_875.flac	Youtube2023+	10.700	32000	would have reasonably suspected that something sketchy happened when the first time in like seemingly American history we have the counts pause in the
[URGENT24]fileid_876	./configs/resources/wavs_stereo/test_nonblind/noisy/fileid_876.flac	Youtube2023+	15.484	32000	been more aggressive you would absolutely call for Insurrection he never directly did that but I would like to talk about the fact that regardless
[URGENT24]fileid_877	./configs/resources/wavs_stereo/test_nonblind/noisy/fileid_877.flac	Youtube2023+	18.581	32000	when Biden got in office that is a fact but this is okay so the point is basically your argument is oh well you actually think that Democrats are harder
[URGENT24]fileid_878	./configs/resources/wavs_stereo/test_nonblind/noisy/fileid_878.flac	Youtube2023+	7.729	32000	she's literally just now the candidate hopefully they've got a comprehensive policy platform um coming together before the convention but the reality is
[URGENT24]fileid_879	./configs/resources/wavs_stereo/test_nonblind/noisy/fileid_879.flac	vctk	6.807	48000	That review will look at management across the sector as a whole.
[URGENT24]fileid_880	./configs/resources/wavs_stereo/test_nonblind/noisy/fileid_880.flac	Youtube2023+	15.781	32000	disavowed um she's for the the green the green deal like1 trillion dollars over time effectively right talking about
[URGENT24]fileid_881	./configs/resources/wavs_stereo/test_nonblind/noisy/fileid_881.flac	Youtube2023+	13.330	32000	borders yeah I I think that the there are many people on the left that do and whether that just be you know T typically speaking no but it it is
[URGENT24]fileid_882	./configs/resources/wavs_stereo/test_nonblind/noisy/fileid_882.flac	vctk	-3.198	48000	Brown is an interesting man, but he is not desperate.
[URGENT24]fileid_883	./configs/resources/wavs_stereo/test_nonblind/noisy/fileid_883.flac	vctk	17.860	48000	Everything will fall into place, it should be fine.
[URGENT24]fileid_884	./configs/resources/wavs_stereo/test_nonblind/noisy/fileid_884.flac	Youtube2023+	8.278	32000	with the Border when they stonewalled the entire time both sides do this is is why I think politics is just disgusting and it's two wings of the same bird and
[URGENT24]fileid_885	./configs/resources/wavs_stereo/test_nonblind/noisy/fileid_885.flac	Youtube2023+	14.114	32000	oan talk says wit it doesn't know the IV DV of electrostatics is this true wit
[URGENT24]fileid_886	./configs/resources/wavs_stereo/test_nonblind/noisy/fileid_886.flac	Youtube2023+	19.131	32000	Current medical treatments are clinically effective, but their efficacy is compromised by side effects and low compliance rates. Symptoms include sexual dysfunction, high-grade prostate cancer,
[URGENT24]fileid_887	./configs/resources/wavs_stereo/test_nonblind/noisy/fileid_887.flac	Youtube2023+	-0.471	32000	the boot at this point so I decided to stay in Corporate America and then Corporate America decided in the middle of the pandemic 23 years of service
[URGENT24]fileid_888	./configs/resources/wavs_stereo/test_nonblind/noisy/fileid_888.flac	vctk	-0.459	48000	Their courage, and their honesty, should be respected.
[URGENT24]fileid_889	./configs/resources/wavs_stereo/test_nonblind/noisy/fileid_889.flac	vctk	19.961	48000	Surely, the Scottish Parliament is entitled to take a view on that.
[URGENT24]fileid_890	./configs/resources/wavs_stereo/test_nonblind/noisy/fileid_890.flac	Youtube2023+	15.624	32000	heard me say that all inclusives is my first love if Lynette's looking for a vacation for her and styling guess where
[URGENT24]fileid_891	./configs/resources/wavs_stereo/test_nonblind/noisy/fileid_891.flac	vctk	3.225	48000	The attacker died in the crash.
[URGENT24]fileid_892	./configs/resources/wavs_stereo/test_nonblind/noisy/fileid_892.flac	Youtube2023+	14.802	32000	when you get into this get into this business you're gonna find that some people you're gonna work with and you're going to work with for days and hours and your commission will be like 30
[URGENT24]fileid_893	./configs/resources/wavs_stereo/test_nonblind/noisy/fileid_893.flac	Youtube2023+	-2.719	32000	it's out in Australia and New Zealand now and it be in the US uh in May before we get into everything no Baza I always
[URGENT24]fileid_894	./configs/resources/wavs_stereo/test_nonblind/noisy/fileid_894.flac	Youtube2023+	-4.562	32000	three big three big guns unbelievable you're a big rugby fan back then it's still am now still am now rugby rugby
[URGENT24]fileid_895	./configs/resources/wavs_stereo/test_nonblind/noisy/fileid_895.flac	Youtube2023+	15.400	32000	doing two New Zealand teams against each other doing the HCK you know you know takes too much time we we all knew it and we loved it and I think you know the
[URGENT24]fileid_896	./configs/resources/wavs_stereo/test_nonblind/noisy/fileid_896.flac	Youtube2023+	7.690	32000	hacker uh there are several there are several it's a it's it's a challenge for one um you know you you're about to go
[URGENT24]fileid_897	./configs/resources/wavs_stereo/test_nonblind/noisy/fileid_897.flac	Youtube2023+	15.242	32000	do things quite sort of quietly and what was expected of you and uh our soldiering schools are always um of a pretty high standard so it just became a
[URGENT24]fileid_898	./configs/resources/wavs_stereo/test_nonblind/noisy/fileid_898.flac	Youtube2023+	14.789	32000	and alcohol is a lot cheaper so of course you know we have saying you go ugly early and we used to do that yeah
[URGENT24]fileid_899	./configs/resources/wavs_stereo/test_nonblind/noisy/fileid_899.flac	Youtube2023+	7.201	32000	get 100 people maybe want to do a selection and you know that the pass rate is probably going to be you know 3%
[URGENT24]fileid_900	./configs/resources/wavs_stereo/test_nonblind/noisy/fileid_900.flac	Youtube2023+	19.195	32000	weeks and then they say okay you know you've passed or you failed and then you're very happy you think you know
[URGENT24]fileid_901	./configs/resources/wavs_stereo/test_nonblind/noisy/fileid_901.flac	Youtube2023+	18.422	32000	was you know what sounds better to my sisters than my brother tried for the SAS selection my brother is in the SAS
[URGENT24]fileid_902	./configs/resources/wavs_stereo/test_nonblind/noisy/fileid_902.flac	Youtube2023+	3.077	32000	and I failed and even though I wasn't really that sort of serious about it CU um I just gave it a go I did start
[URGENT24]fileid_903	./configs/resources/wavs_stereo/test_nonblind/noisy/fileid_903.flac	Youtube2023+	5.598	32000	if you go here we're going to get lost and and we always always did because we wen't trained to navigate in such close
[URGENT24]fileid_904	./configs/resources/wavs_stereo/test_nonblind/noisy/fileid_904.flac	Youtube2023+	1.438	32000	that whatever whatever it is and whatever your background is and I believe it's DNA as well you know you
[URGENT24]fileid_905	./configs/resources/wavs_stereo/test_nonblind/noisy/fileid_905.flac	Youtube2023+	15.116	32000	Americans so we we didn't we were anti-American at the time uh with the nuclear policy we had in New Zealand um
[URGENT24]fileid_906	./configs/resources/wavs_stereo/test_nonblind/noisy/fileid_906.flac	Youtube2023+	1.233	32000	out a door doing security you know sort of hey it's embarrassing um and you don't get paid anywhere near enough anywhere enough
[URGENT24]fileid_907	./configs/resources/wavs_stereo/test_nonblind/noisy/fileid_907.flac	Youtube2023+	19.616	32000	even go there you know where if I've been in you know a venue with my client
[URGENT24]fileid_908	./configs/resources/wavs_stereo/test_nonblind/noisy/fileid_908.flac	Youtube2023+	-0.380	32000	somebody shoot somebody body or throw something if uh you know the hands are empty um also people tend to show their
[URGENT24]fileid_909	./configs/resources/wavs_stereo/test_nonblind/noisy/fileid_909.flac	Youtube2023+	12.395	32000	controlling it their hands will shake their knees will shake the the breathing becomes really rapid and fast but they Bur their energy is like they're on
[URGENT24]fileid_910	./configs/resources/wavs_stereo/test_nonblind/noisy/fileid_910.flac	Youtube2023+	8.890	32000	said no it's impossible possible I believe it's in our DNA we have to conquer each other we have to take you have something that I want and I you
[URGENT24]fileid_911	./configs/resources/wavs_stereo/test_nonblind/noisy/fileid_911.flac	Youtube2023+	-4.821	32000	things I'm I'm I'm I'm posting on is I believe New Zealand's lost its way something terrible and the Youth of
[URGENT24]fileid_912	./configs/resources/wavs_stereo/test_nonblind/noisy/fileid_912.flac	Youtube2023+	16.942	32000	carry on and by killing somebody you you were rewarded and then your endorphin started
[URGENT24]fileid_913	./configs/resources/wavs_stereo/test_nonblind/noisy/fileid_913.flac	Youtube2023+	7.716	32000	water therapy because I felt my mental health slipping because I seen what was happening why is something for a 99.9%
[URGENT24]fileid_914	./configs/resources/wavs_stereo/test_nonblind/noisy/fileid_914.flac	Youtube2023+	17.190	32000	my yelling at the TV is my my posting and sometimes I do it cuz I'm genuinely concerned and I want to raise um you
[URGENT24]fileid_915	./configs/resources/wavs_stereo/test_nonblind/noisy/fileid_915.flac	Youtube2023+	11.569	32000	more news and crime and everything else but I'm sure you know these these people who these influencers for example you
[URGENT24]fileid_916	./configs/resources/wavs_stereo/test_nonblind/noisy/fileid_916.flac	Youtube2023+	19.397	32000	for those in the rebuilding process of Iraq after they finished completely destroying everything it had to be built again and Dick Cheney and his you know
[URGENT24]fileid_917	./configs/resources/wavs_stereo/test_nonblind/noisy/fileid_917.flac	Youtube2023+	-0.160	32000	around buying guns with what little money we had um buying you know we was no armor there was nothing uh he was looking for contracts so when he found
[URGENT24]fileid_918	./configs/resources/wavs_stereo/test_nonblind/noisy/fileid_918.flac	Youtube2023+	13.489	32000	you know the attackers left and then the crowd the the fua population started beating burning them setting them on
[URGENT24]fileid_919	./configs/resources/wavs_stereo/test_nonblind/noisy/fileid_919.flac	Youtube2023+	11.714	32000	everything in life for me it is family everything is having that loved one is having the stable household listen I've
[URGENT24]fileid_920	./configs/resources/wavs_stereo/test_nonblind/noisy/fileid_920.flac	Youtube2023+	19.264	32000	that apartment block and so every night he comes out and he uh you know this
[URGENT24]fileid_921	./configs/resources/wavs_stereo/test_nonblind/noisy/fileid_921.flac	Youtube2023+	15.990	32000	good therapy and you know cathartic and all that sort of car and as I was writing it it took me like about 3 to
[URGENT24]fileid_922	./configs/resources/wavs_stereo/test_nonblind/noisy/fileid_922.flac	Youtube2023+	12.375	32000	becomes kicking the sand kicking the sand kicking the sand and there's a benefit to that I've sort of didn't want
[URGENT24]fileid_923	./configs/resources/wavs_stereo/test_nonblind/noisy/fileid_923.flac	Youtube2023+	10.863	32000	to be and um if I started questioning it too much you know that became you know
[URGENT24]fileid_924	./configs/resources/wavs_stereo/test_nonblind/noisy/fileid_924.flac	Youtube2023+	5.875	32000	way women hold hold themselves the way they can handle pain the way they can operate we're much more sensitive than
[URGENT24]fileid_925	./configs/resources/wavs_stereo/test_nonblind/noisy/fileid_925.flac	Youtube2023+	19.880	32000	80s and um how he found purpose living in the slums with no one that he knew he'd run away from his past he'd cleaned
[URGENT24]fileid_926	./configs/resources/wavs_stereo/test_nonblind/noisy/fileid_926.flac	Youtube2023+	3.049	32000	everything else and everything that I had I knew what I could have and would be good I knew where I wanted to be and
[URGENT24]fileid_927	./configs/resources/wavs_stereo/test_nonblind/noisy/fileid_927.flac	Youtube2023+	13.640	32000	nowadays as well it's not all about being a hard bastard you know I was in Starbuck today and this young kid in tra
[URGENT24]fileid_928	./configs/resources/wavs_stereo/test_nonblind/noisy/fileid_928.flac	Youtube2023+	16.895	32000	leader if you take the top job in any company you know CEO of whatever Exon V
[URGENT24]fileid_929	./configs/resources/wavs_stereo/test_nonblind/noisy/fileid_929.flac	Youtube2023+	13.804	32000	the office or hit the track on a sunny day look at this you want a personal endorsement I'm wearing this puppy right
[URGENT24]fileid_930	./configs/resources/wavs_stereo/test_nonblind/noisy/fileid_930.flac	vctk	9.060	48000	Like his acting, it was an accident.
[URGENT24]fileid_931	./configs/resources/wavs_stereo/test_nonblind/noisy/fileid_931.flac	Youtube2023+	0.983	32000	think so he listened to it and he text back just listened all good I was like Jesus yeah but it's scary it's so crazy
[URGENT24]fileid_932	./configs/resources/wavs_stereo/test_nonblind/noisy/fileid_932.flac	Youtube2023+	14.482	32000	adverse Health outcomes especially cardiometabolic common mental disorder and mortality outcomes these findings
[URGENT24]fileid_933	./configs/resources/wavs_stereo/test_nonblind/noisy/fileid_933.flac	Youtube2023+	4.078	32000	that and this is where this this is coming up for me is like I could feel the difference between the two and the day that we worked out together I looked
[URGENT24]fileid_934	./configs/resources/wavs_stereo/test_nonblind/noisy/fileid_934.flac	Youtube2023+	-0.166	32000	my clients two things one how to put the weight down on the safeties and feel like that's okay and and the and the the
[URGENT24]fileid_935	./configs/resources/wavs_stereo/test_nonblind/noisy/fileid_935.flac	Youtube2023+	2.000	32000	just psychologically kind of gets you used to kind of placing that amount of load on your back so we did very similar
[URGENT24]fileid_936	./configs/resources/wavs_stereo/test_nonblind/noisy/fileid_936.flac	Youtube2023+	-1.286	32000	anabolic in this phase like we're going to do something a little bit different like instead of just doing these kind of 5x5 or a 3x5 routine I'm going to have
[URGENT24]fileid_937	./configs/resources/wavs_stereo/test_nonblind/noisy/fileid_937.flac	Youtube2023+	12.887	32000	like that's way too much wait for you but typically women would say to me uh I'm afraid of going heavier I'm I'm
[URGENT24]fileid_938	./configs/resources/wavs_stereo/test_nonblind/noisy/fileid_938.flac	Youtube2023+	16.577	32000	more accurate understanding of what your capacity is and boy is that empowering it's going to feel amazing once you
[URGENT24]fileid_939	./configs/resources/wavs_stereo/test_nonblind/noisy/fileid_939.flac	Youtube2023+	5.450	32000	carve aside but in terms of like strength performance muscle in particular the muscle mass itself you
[URGENT24]fileid_940	./configs/resources/wavs_stereo/test_nonblind/noisy/fileid_940.flac	Youtube2023+	-4.601	32000	and actually you know lifts uh type events when you compare them Olympic lifters tend to work out the most and
[URGENT24]fileid_941	./configs/resources/wavs_stereo/test_nonblind/noisy/fileid_941.flac	Youtube2023+	-2.978	32000	rice and potatoes and stuff like that too so have you connected those dots like is it all the time that I feel this
[URGENT24]fileid_942	./configs/resources/wavs_stereo/test_nonblind/noisy/fileid_942.flac	Youtube2023+	18.912	32000	lifting weights here's the important part okay get comfortable with not feeling satiated this is actually going
[URGENT24]fileid_943	./configs/resources/wavs_stereo/test_nonblind/noisy/fileid_943.flac	Youtube2023+	4.222	32000	Foods and not it sounds like a like a he says he maintains at 3700 is what it says right there yeah
[URGENT24]fileid_944	./configs/resources/wavs_stereo/test_nonblind/noisy/fileid_944.flac	Youtube2023+	-1.169	32000	back yeah so so that was um that was something even though it was tough to
[URGENT24]fileid_945	./configs/resources/wavs_stereo/test_nonblind/noisy/fileid_945.flac	vctk	-2.699	48000	Ms McNeill was killed on impact.
[URGENT24]fileid_946	./configs/resources/wavs_stereo/test_nonblind/noisy/fileid_946.flac	Youtube2023+	15.190	32000	to answer those questions um and looking at those those issues and uh uh you know I don't know
[URGENT24]fileid_947	./configs/resources/wavs_stereo/test_nonblind/noisy/fileid_947.flac	Youtube2023+	1.122	32000	climatological disaster because there's actually no actual connection to Nature there's a domination of it and so this
[URGENT24]fileid_948	./configs/resources/wavs_stereo/test_nonblind/noisy/fileid_948.flac	Youtube2023+	7.612	32000	situating myself but um yeah I work primarily online um I I have a gentleman
[URGENT24]fileid_949	./configs/resources/wavs_stereo/test_nonblind/noisy/fileid_949.flac	Youtube2023+	11.279	32000	psychological uh theory is that it allows us a Mythic lens into what's going on and it seemed like there was some there were some things that um
[URGENT24]fileid_950	./configs/resources/wavs_stereo/test_nonblind/noisy/fileid_950.flac	Youtube2023+	5.752	32000	is lost to us they simply disappeared we need some physical thing to have a relationship with them still you know
[URGENT24]fileid_951	./configs/resources/wavs_stereo/test_nonblind/noisy/fileid_951.flac	Youtube2023+	3.757	32000	period and scribble on the page and stop when you're ready and then what I would do is I would hold up the image and I
[URGENT24]fileid_952	./configs/resources/wavs_stereo/test_nonblind/noisy/fileid_952.flac	Youtube2023+	7.890	32000	can use whatever you want to fill it in and he did and the little creature in this drawing he put a ground line and underneath the ground line he put three
[URGENT24]fileid_953	./configs/resources/wavs_stereo/test_nonblind/noisy/fileid_953.flac	Youtube2023+	-0.946	32000	to me and petitioned me to see this young man and I began um a project where I thought
[URGENT24]fileid_954	./configs/resources/wavs_stereo/test_nonblind/noisy/fileid_954.flac	Youtube2023+	4.506	32000	here in the psyche and and she goes up and and you know there's this knocking on the door and she goes to the door and
[URGENT24]fileid_955	./configs/resources/wavs_stereo/test_nonblind/noisy/fileid_955.flac	Youtube2023+	19.766	32000	you realize it's now on a horizontal axis not on a vertical a suddenly they're now being drawn by eight white horses and they chained here's the gold
[URGENT24]fileid_956	./configs/resources/wavs_stereo/test_nonblind/noisy/fileid_956.flac	vctk	18.617	48000	We have just got to keep his feet on the ground.
[URGENT24]fileid_957	./configs/resources/wavs_stereo/test_nonblind/noisy/fileid_957.flac	Youtube2023+	4.595	32000	down Terror that the surface of the water is blocked by The Rock shelf awe inside the whale and a sense that there
[URGENT24]fileid_958	./configs/resources/wavs_stereo/test_nonblind/noisy/fileid_958.flac	Youtube2023+	12.828	32000	with just a short audio sample. The tool is among several developed by technology companies
[URGENT24]fileid_959	./configs/resources/wavs_stereo/test_nonblind/noisy/fileid_959.flac	vctk	1.799	48000	When a man looks for something beyond his reach, his friends say he is looking for the pot of gold at the end of the rainbow.
[URGENT24]fileid_960	./configs/resources/wavs_stereo/test_nonblind/noisy/fileid_960.flac	vctk	4.107	48000	Some have accepted it as a miracle without physical explanation.
[URGENT24]fileid_961	./configs/resources/wavs_stereo/test_nonblind/noisy/fileid_961.flac	Youtube2023+	8.379	32000	Milan all of the nitty-gritty he wanted him to share that just to show how much he'd invested in Starbucks and
[URGENT24]fileid_962	./configs/resources/wavs_stereo/test_nonblind/noisy/fileid_962.flac	Youtube2023+	10.507	32000	parents drop us off and we'd sit and talk for hours in summertime we'd order Frappuccinos and Fall pumpkin spiced drinks were a
[URGENT24]fileid_963	./configs/resources/wavs_stereo/test_nonblind/noisy/fileid_963.flac	vctk	10.816	48000	Others have tried to explain the phenomenon physically.
[URGENT24]fileid_964	./configs/resources/wavs_stereo/test_nonblind/noisy/fileid_964.flac	vctk	1.999	48000	The difference in the rainbow depends considerably upon the size of the drops, and the width of the colored band increases as the size of the drops increases.
[URGENT24]fileid_965	./configs/resources/wavs_stereo/test_nonblind/noisy/fileid_965.flac	vctk	7.581	48000	If the red of the second bow falls upon the green of the first, the result is to give a bow with an abnormally wide yellow band, since red and green light when mixed form yellow.
[URGENT24]fileid_966	./configs/resources/wavs_stereo/test_nonblind/noisy/fileid_966.flac	Youtube2023+	-2.631	32000	I would rather see more of that. Yeah. Could it be another, when it comes to Atlus, could it be the Persona
[URGENT24]fileid_967	./configs/resources/wavs_stereo/test_nonblind/noisy/fileid_967.flac	vctk	19.136	48000	They should have a major rethink about the event for next year.
[URGENT24]fileid_968	./configs/resources/wavs_stereo/test_nonblind/noisy/fileid_968.flac	Youtube2023+	10.794	32000	if like them pushing about show showed a lot. And like I get what you're saying by them showing, you know, posting out this graphic here and saying to be announced 2024. So there is still
[URGENT24]fileid_969	./configs/resources/wavs_stereo/test_nonblind/noisy/fileid_969.flac	Youtube2023+	15.254	32000	But early December makes sense, right? Yeah. I mean, I think this year would be a prime.
[URGENT24]fileid_970	./configs/resources/wavs_stereo/test_nonblind/noisy/fileid_970.flac	vctk	16.165	48000	Of course, on Tuesday, United were beaten despite this.
[URGENT24]fileid_971	./configs/resources/wavs_stereo/test_nonblind/noisy/fileid_971.flac	Youtube2023+	1.823	32000	remember applying I can remember filling in that application form and I can remember using all the tools of of life
[URGENT24]fileid_972	./configs/resources/wavs_stereo/test_nonblind/noisy/fileid_972.flac	Youtube2023+	8.120	32000	years ago seeing the world differently fair play to the man like for anybody that's sees the world that we all raised
[URGENT24]fileid_973	./configs/resources/wavs_stereo/test_nonblind/noisy/fileid_973.flac	Youtube2023+	2.730	32000	the time we are so many in number across continents like America Australians they're with us and we're with them but
[URGENT24]fileid_974	./configs/resources/wavs_stereo/test_nonblind/noisy/fileid_974.flac	Youtube2023+	7.773	32000	happened is not that people are necessarily uh sheep and stupid though that's a proportion and we know who they
[URGENT24]fileid_975	./configs/resources/wavs_stereo/test_nonblind/noisy/fileid_975.flac	Youtube2023+	18.603	32000	just the most amazing thing I ever got to do but I realized after a year or so
[URGENT24]fileid_976	./configs/resources/wavs_stereo/test_nonblind/noisy/fileid_976.flac	Youtube2023+	14.911	32000	I become a threat for people like these people meeting up stairs and the big dark clouds and we man just him off and cancel everything he's wor for that
[URGENT24]fileid_977	./configs/resources/wavs_stereo/test_nonblind/noisy/fileid_977.flac	Youtube2023+	7.020	32000	something stupid Americans go out and buy another weapon and they are preparing and all over this fine country
[URGENT24]fileid_978	./configs/resources/wavs_stereo/test_nonblind/noisy/fileid_978.flac	Youtube2023+	14.044	32000	contractually they were trying to make him accountable for his own ofcom fines which can be £40,000 so he walked away
[URGENT24]fileid_979	./configs/resources/wavs_stereo/test_nonblind/noisy/fileid_979.flac	Youtube2023+	-3.716	32000	bloody shift out the way like at least jump around like the goalie which is sort of effectively what you're doing you're ensuring you're standing in front
[URGENT24]fileid_980	./configs/resources/wavs_stereo/test_nonblind/noisy/fileid_980.flac	Youtube2023+	-1.508	32000	shouldn't be allowed and you know James an important point is I blame women for short men because no woman should be
[URGENT24]fileid_981	./configs/resources/wavs_stereo/test_nonblind/noisy/fileid_981.flac	Youtube2023+	-4.381	32000	I don't uh ever talk really about my epilepsy but uh when I had seizures those seizures got bigger and bigger and
[URGENT24]fileid_982	./configs/resources/wavs_stereo/test_nonblind/noisy/fileid_982.flac	Youtube2023+	5.956	32000	protecting yourself you're trying to protect the people around you but while doing that it's a lonely it's a lonely case it's a lonely Journey why do you do
[URGENT24]fileid_983	./configs/resources/wavs_stereo/test_nonblind/noisy/fileid_983.flac	Youtube2023+	18.011	32000	that's why actually over the last period of time it's been very good cuz on my YouTube or insta or whatever people see a lot more of me and they get this me
[URGENT24]fileid_984	./configs/resources/wavs_stereo/test_nonblind/noisy/fileid_984.flac	Youtube2023+	5.677	32000	changed like I used to be like oh girls you must go to school and I got a private tutor which I paid for because
[URGENT24]fileid_985	./configs/resources/wavs_stereo/test_nonblind/noisy/fileid_985.flac	Youtube2023+	2.347	32000	canceled them first they'll put them in prison second and then they'll kill them how dark is whe it's a matrix or the Men
[URGENT24]fileid_986	./configs/resources/wavs_stereo/test_nonblind/noisy/fileid_986.flac	Youtube2023+	14.505	32000	that pressure and I I know it's on tape and and the the lovely thing that we can do is get in under it and just lift it
[URGENT24]fileid_987	./configs/resources/wavs_stereo/test_nonblind/noisy/fileid_987.flac	Youtube2023+	-4.837	32000	big problem and I and actually when I we talk about the the Gathering of the The Matrix or the darkness heads of the
[URGENT24]fileid_988	./configs/resources/wavs_stereo/test_nonblind/noisy/fileid_988.flac	Youtube2023+	10.192	32000	thriving career thank you you're a philanthropist like and it looks like you have just like really dope
[URGENT24]fileid_989	./configs/resources/wavs_stereo/test_nonblind/noisy/fileid_989.flac	cv11	2.431	24000	The city is, therefore, well-defended by steep slopes to the north, east, and west.
[URGENT24]fileid_990	./configs/resources/wavs_stereo/test_nonblind/noisy/fileid_990.flac	cv11	10.403	24000	The first priority was to build an imposing church.
[URGENT24]fileid_991	./configs/resources/wavs_stereo/test_nonblind/noisy/fileid_991.flac	cv11	14.823	24000	But the Tradition also says that we should believe the messages of the desert.
[URGENT24]fileid_992	./configs/resources/wavs_stereo/test_nonblind/noisy/fileid_992.flac	cv11	11.444	24000	Sodium bicarbonate and broth or water are also added to the mixture.
[URGENT24]fileid_993	./configs/resources/wavs_stereo/test_nonblind/noisy/fileid_993.flac	cv11	7.738	24000	This work adds sound to produce synesthesia.
[URGENT24]fileid_994	./configs/resources/wavs_stereo/test_nonblind/noisy/fileid_994.flac	cv11	16.966	24000	Solarz was defeated in the Democratic primary by Nydia Velazquez.
[URGENT24]fileid_995	./configs/resources/wavs_stereo/test_nonblind/noisy/fileid_995.flac	cv11	19.472	24000	The city gates, a road, cisterns, and the remains of houses have been discovered.
[URGENT24]fileid_996	./configs/resources/wavs_stereo/test_nonblind/noisy/fileid_996.flac	cv11	0.790	24000	Electricity is stored in on-board batteries.
[URGENT24]fileid_997	./configs/resources/wavs_stereo/test_nonblind/noisy/fileid_997.flac	cv11	-4.662	24000	It incorporates much of the areas formerly part of the Bishopston ward.
[URGENT24]fileid_998	./configs/resources/wavs_stereo/test_nonblind/noisy/fileid_998.flac	cv11	10.683	24000	Bernie Williams hit a two-run homer after Matsui singled to lead off the inning.
[URGENT24]fileid_999	./configs/resources/wavs_stereo/test_nonblind/noisy/fileid_999.flac	cv11	3.222	24000	Three massive locking lugs can be found on the rear of the bolt.
[URGENT24]fileid_1000	./configs/resources/wavs_stereo/test_nonblind/noisy/fileid_1000.flac	cv11	17.563	24000	This was rejected by Stalin and Mir Jafar Bagirov.
